Video ID,Song Title,Album Title,Artist Name 1,Artist Name 2,Artist Name 3,Artist Name 4,Artist Name 5,Artist Name 6,Artist Name 7,Artist Name 8,Artist Name 9,Playlist Video Creation Timestamp,Source File,Source Type,Duplicate Count,Is Duplicate
gl1r1XV0SLw,,,,,,,,,,,,2026-07-26T06:27:52+00:00,AI-videos.csv,Playlist,1,No
VSFuqMh4hus,,,,,,,,,,,,2026-07-26T06:28:02+00:00,AI-videos.csv,Playlist,1,No
00Q0G84kq3M,,,,,,,,,,,,2026-07-26T06:33:37+00:00,AI-videos.csv,Playlist,1,No
OYvlznJ4IZQ,,,,,,,,,,,,2026-07-26T06:41:46+00:00,AI-videos.csv,Playlist,1,No
o0gkdZBtwEg,,,,,,,,,,,,2026-07-26T06:45:39+00:00,AI-videos.csv,Playlist,1,No
_ZqSFVi6UDY,,,,,,,,,,,,2026-07-26T06:49:07+00:00,AI-videos.csv,Playlist,1,No
ZVPlLaehjLk,,,,,,,,,,,,2026-07-26T07:06:34+00:00,AI-videos.csv,Playlist,1,No
r0Dciuq0knU,,,,,,,,,,,,2026-07-26T09:16:54+00:00,AI-videos.csv,Playlist,1,No
zYGDpG-pTho,,,,,,,,,,,,2026-07-26T10:16:24+00:00,AI-videos.csv,Playlist,1,No
smGbeghV1JE,,,,,,,,,,,,2026-07-26T16:41:22+00:00,AI-videos.csv,Playlist,1,No
pvCabUerwss,,,,,,,,,,,,2026-07-26T16:49:48+00:00,AI-videos.csv,Playlist,1,No
GtzCbgSAaPc,,,,,,,,,,,,2026-08-22T11:00:31+00:00,AI-videos.csv,Playlist,1,No
ELkPcuO5ebo,,,,,,,,,,,,2025-07-23T15:03:22+00:00,DEVOPS CI CD-videos.csv,Playlist,1,No
PDMxbbejgcA,,,,,,,,,,,,2025-07-23T15:04:28+00:00,DEVOPS CI CD-videos.csv,Playlist,1,No
d05vNPmIIqc,,,,,,,,,,,,2025-07-23T15:04:46+00:00,DEVOPS CI CD-videos.csv,Playlist,1,No
fuZoxuBiL9o,,,,,,,,,,,,2025-07-23T15:05:09+00:00,DEVOPS CI CD-videos.csv,Playlist,1,No
gViEtIJ1DCw,,,,,,,,,,,,2025-08-03T09:41:29+00:00,DEVOPS CI CD-videos.csv,Playlist,1,No
sSRaakd95Nk,,,,,,,,,,,,2025-08-03T09:43:15+00:00,DEVOPS CI CD-videos.csv,Playlist,1,No
H5FAxTBuNM8,,,,,,,,,,,,2025-09-11T13:55:29+00:00,DEVOPS CI CD-videos.csv,Playlist,1,No
zNHDbXAmY_0,,,,,,,,,,,,2023-02-03T10:38:50+00:00,DIY-videos.csv,Playlist,1,No
WLP_L7Mgz6M,,,,,,,,,,,,2023-02-05T09:15:50+00:00,DIY-videos.csv,Playlist,1,No
8jeLCQ62vFk,,,,,,,,,,,,2023-02-05T09:16:08+00:00,DIY-videos.csv,Playlist,1,No
zfBHD4v8hD0,,,,,,,,,,,,2023-05-27T12:13:31+00:00,DIY-videos.csv,Playlist,2,Yes
W4PHhurAhwc,,,,,,,,,,,,2024-01-16T08:45:14+00:00,DIY-videos.csv,Playlist,1,No
UQ6ueTe8KQM,,,,,,,,,,,,2024-05-24T02:49:05+00:00,DIY-videos.csv,Playlist,1,No
QIKnk9KvUc8,,,,,,,,,,,,2024-07-28T06:13:58+00:00,DIY-videos.csv,Playlist,1,No
yPzNU5oeRe4,,,,,,,,,,,,2024-07-28T06:14:05+00:00,DIY-videos.csv,Playlist,1,No
7wkVGcdI2vk,,,,,,,,,,,,2025-06-18T16:31:49+00:00,DIY-videos.csv,Playlist,1,No
b9DP2-Rjjgw,,,,,,,,,,,,2026-01-16T10:15:39+00:00,DIY-videos.csv,Playlist,1,No
1UDsWkcQZhc,,,,,,,,,,,,2026-01-19T14:40:42+00:00,DIY-videos.csv,Playlist,1,No
oI_CJA31GV4,,,,,,,,,,,,2026-03-10T17:16:52+00:00,DIY-videos.csv,Playlist,1,No
VozG0nHJaXw,,,,,,,,,,,,2026-07-10T09:16:18+00:00,DIY-videos.csv,Playlist,1,No
7FStfdGjAwc,,,,,,,,,,,,2026-07-18T07:53:33+00:00,DIY-videos.csv,Playlist,1,No
dS44jZyj5gU,,,,,,,,,,,,2022-12-09T14:11:37+00:00,DSA-videos.csv,Playlist,1,No
bC7o8P_Ste4,,,,,,,,,,,,2022-12-09T14:11:59+00:00,DSA-videos.csv,Playlist,1,No
8hly31xKli0,,,,,,,,,,,,2022-12-09T14:12:25+00:00,DSA-videos.csv,Playlist,1,No
RBSGKlAvoiM,,,,,,,,,,,,2022-12-25T19:20:09+00:00,DSA-videos.csv,Playlist,1,No
tWVWeAqZ0WU,,,,,,,,,,,,2023-01-05T15:23:54+00:00,DSA-videos.csv,Playlist,1,No
zg9ih6SVACc,,,,,,,,,,,,2023-01-10T19:38:34+00:00,DSA-videos.csv,Playlist,1,No
09_LlHjoEiY,,,,,,,,,,,,2023-04-05T10:30:12+00:00,DSA-videos.csv,Playlist,1,No
pkYVOmU3MgA,,,,,,,,,,,,2023-08-18T17:15:23+00:00,DSA-videos.csv,Playlist,1,No
oBt53YbR9Kk,,,,,,,,,,,,2023-08-28T03:52:42+00:00,DSA-videos.csv,Playlist,1,No
oFkDldu3C_4,,,,,,,,,,,,2023-09-08T15:54:43+00:00,DSA-videos.csv,Playlist,1,No
hagBB17_hvg,,,,,,,,,,,,2023-09-25T16:12:49+00:00,DSA-videos.csv,Playlist,1,No
2ZLl8GAk1X4,,,,,,,,,,,,2024-02-20T15:35:44+00:00,DSA-videos.csv,Playlist,1,No
k1IaYPGel3s,,,,,,,,,,,,2024-03-22T16:59:21+00:00,DSA-videos.csv,Playlist,1,No
T0u5nwSA0w0,,,,,,,,,,,,2025-01-20T17:33:39+00:00,DSA-videos.csv,Playlist,1,No
meTbkgqNNYM,,,,,,,,,,,,2025-08-27T12:56:59+00:00,DSA-videos.csv,Playlist,1,No
sFY_14A28x0,,,,,,,,,,,,2025-08-27T12:57:07+00:00,DSA-videos.csv,Playlist,1,No
m7U90fpD2j0,,,,,,,,,,,,2025-08-27T12:57:15+00:00,DSA-videos.csv,Playlist,1,No
4FZtJ8420m8,,,,,,,,,,,,2025-08-27T16:16:42+00:00,DSA-videos.csv,Playlist,1,No
fLjeVALxzjg,,,,,,,,,,,,2025-08-27T16:16:48+00:00,DSA-videos.csv,Playlist,1,No
TjthKf7Mc_8,,,,,,,,,,,,2025-08-27T16:16:55+00:00,DSA-videos.csv,Playlist,1,No
GKSSr2xkR8A,,,,,,,,,,,,2025-08-27T16:17:01+00:00,DSA-videos.csv,Playlist,1,No
kybir7n8JJg,,,,,,,,,,,,2025-08-27T16:17:06+00:00,DSA-videos.csv,Playlist,1,No
G9cp9y45qEs,,,,,,,,,,,,2025-08-27T16:17:12+00:00,DSA-videos.csv,Playlist,1,No
7K2BjgjCFDo,,,,,,,,,,,,2025-08-27T16:17:19+00:00,DSA-videos.csv,Playlist,1,No
eEUjVY7wK3k,,,,,,,,,,,,2025-08-27T16:17:24+00:00,DSA-videos.csv,Playlist,1,No
zQrtsvo8lgM,,,,,,,,,,,,2025-08-27T16:17:29+00:00,DSA-videos.csv,Playlist,1,No
B26hW8fBMj0,,,,,,,,,,,,2025-08-27T16:17:37+00:00,DSA-videos.csv,Playlist,1,No
KMIIGDiXLhY,,,,,,,,,,,,2025-08-27T16:17:44+00:00,DSA-videos.csv,Playlist,1,No
3DwA6AsQvDI,,,,,,,,,,,,2025-08-27T16:17:59+00:00,DSA-videos.csv,Playlist,1,No
ntzA9LS8kLM,,,,,,,,,,,,2025-08-27T16:20:23+00:00,DSA-videos.csv,Playlist,1,No
-JFngYs21Y8,,,,,,,,,,,,2025-08-27T16:20:32+00:00,DSA-videos.csv,Playlist,1,No
yTTtuxccFdU,,,,,,,,,,,,2025-08-27T16:20:38+00:00,DSA-videos.csv,Playlist,1,No
snue4L5WrJ4,,,,,,,,,,,,2025-08-27T16:20:47+00:00,DSA-videos.csv,Playlist,1,No
HToBFhTa1uQ,,,,,,,,,,,,2025-08-27T16:20:52+00:00,DSA-videos.csv,Playlist,1,No
O-aXzrDB49w,,,,,,,,,,,,2025-08-27T16:20:58+00:00,DSA-videos.csv,Playlist,1,No
bMXHK-ASQV0,,,,,,,,,,,,2025-08-27T16:21:04+00:00,DSA-videos.csv,Playlist,1,No
bY2CoVEdEEg,,,,,,,,,,,,2025-08-27T16:21:13+00:00,DSA-videos.csv,Playlist,1,No
lB_gLotpnuY,,,,,,,,,,,,2025-08-27T16:21:19+00:00,DSA-videos.csv,Playlist,1,No
WQZdwxZJAhY,,,,,,,,,,,,2025-08-27T16:21:24+00:00,DSA-videos.csv,Playlist,1,No
NtH8cWBCu3Y,,,,,,,,,,,,2025-08-27T16:21:29+00:00,DSA-videos.csv,Playlist,1,No
2LfVNDlx8mY,,,,,,,,,,,,2025-08-27T16:21:35+00:00,DSA-videos.csv,Playlist,1,No
VFYTULYpApM,,,,,,,,,,,,2025-08-27T16:21:42+00:00,DSA-videos.csv,Playlist,1,No
VFCzKOH1hnk,,,,,,,,,,,,2025-08-27T16:21:50+00:00,DSA-videos.csv,Playlist,1,No
FjLirf3k9ao,,,,,,,,,,,,2025-08-27T16:21:56+00:00,DSA-videos.csv,Playlist,1,No
UL8radjMPUM,,,,,,,,,,,,2025-08-27T16:22:02+00:00,DSA-videos.csv,Playlist,1,No
5dg_gAym75I,,,,,,,,,,,,2025-08-27T16:22:06+00:00,DSA-videos.csv,Playlist,1,No
pcUmxsvTmP0,,,,,,,,,,,,2025-08-27T16:22:14+00:00,DSA-videos.csv,Playlist,1,No
GgN8d22BEf0,,,,,,,,,,,,2025-08-27T16:22:37+00:00,DSA-videos.csv,Playlist,1,No
xZ9KOLQ6Quw,,,,,,,,,,,,2025-08-27T16:22:43+00:00,DSA-videos.csv,Playlist,1,No
VroH6J47kIE,,,,,,,,,,,,2025-08-27T16:22:47+00:00,DSA-videos.csv,Playlist,1,No
tRwXzsXJArI,,,,,,,,,,,,2025-08-27T16:22:53+00:00,DSA-videos.csv,Playlist,1,No
8FrJX-P_DnE,,,,,,,,,,,,2025-08-27T16:22:58+00:00,DSA-videos.csv,Playlist,1,No
rNv0vgNc4Ww,,,,,,,,,,,,2025-08-27T16:23:03+00:00,DSA-videos.csv,Playlist,1,No
f_u_9ixrktQ,,,,,,,,,,,,2025-08-27T16:23:09+00:00,DSA-videos.csv,Playlist,1,No
Vzs_vlCIFEw,,,,,,,,,,,,2025-08-27T16:24:01+00:00,DSA-videos.csv,Playlist,1,No
NcsmaL_e_Zg,,,,,,,,,,,,2025-08-27T16:24:06+00:00,DSA-videos.csv,Playlist,1,No
zDbApBI7UpE,,,,,,,,,,,,2025-08-27T16:24:11+00:00,DSA-videos.csv,Playlist,1,No
pq61VNqXGvA,,,,,,,,,,,,2025-08-27T16:24:16+00:00,DSA-videos.csv,Playlist,1,No
Gn0ADjje8Rg,,,,,,,,,,,,2025-08-27T16:24:21+00:00,DSA-videos.csv,Playlist,1,No
JhAz6CkRGHI,,,,,,,,,,,,2025-08-27T16:24:26+00:00,DSA-videos.csv,Playlist,1,No
aPBELJa-LM8,,,,,,,,,,,,2025-08-27T16:24:32+00:00,DSA-videos.csv,Playlist,1,No
-FGl6dzPexY,,,,,,,,,,,,2025-08-27T16:24:39+00:00,DSA-videos.csv,Playlist,1,No
wciKkM3g3wQ,,,,,,,,,,,,2025-08-27T16:24:45+00:00,DSA-videos.csv,Playlist,1,No
cQRZ202j-kA,,,,,,,,,,,,2025-08-27T16:24:51+00:00,DSA-videos.csv,Playlist,1,No
B90kG-ZlptE,,,,,,,,,,,,2025-08-27T16:25:00+00:00,DSA-videos.csv,Playlist,1,No
3WVHdSWHxxQ,,,,,,,,,,,,2025-08-27T17:38:55+00:00,DSA-videos.csv,Playlist,1,No
LZr1w0LVzFw,,,,,,,,,,,,2025-08-27T17:39:06+00:00,DSA-videos.csv,Playlist,1,No
c4oOIi5YTE4,,,,,,,,,,,,2025-08-27T17:39:12+00:00,DSA-videos.csv,Playlist,1,No
5AY70aAHZiQ,,,,,,,,,,,,2025-08-27T17:39:19+00:00,DSA-videos.csv,Playlist,1,No
5Li-cR5h_uw,,,,,,,,,,,,2025-08-27T17:39:34+00:00,DSA-videos.csv,Playlist,1,No
_wBj3IMV7tY,,,,,,,,,,,,2025-08-27T17:39:40+00:00,DSA-videos.csv,Playlist,1,No
Bq_BEsgBQOs,,,,,,,,,,,,2025-08-27T17:39:46+00:00,DSA-videos.csv,Playlist,1,No
y_XVeVUpdP4,,,,,,,,,,,,2025-08-27T17:40:25+00:00,DSA-videos.csv,Playlist,1,No
yWlxzvpU6WY,,,,,,,,,,,,2025-08-27T17:40:45+00:00,DSA-videos.csv,Playlist,1,No
NH-Bkbmj7Sw,,,,,,,,,,,,2025-08-27T17:40:50+00:00,DSA-videos.csv,Playlist,1,No
XemmMMz_0mU,,,,,,,,,,,,2025-08-27T17:40:54+00:00,DSA-videos.csv,Playlist,1,No
X9QtxzsAsYo,,,,,,,,,,,,2025-08-27T17:41:00+00:00,DSA-videos.csv,Playlist,1,No
RHct_Pz9EBo,,,,,,,,,,,,2025-08-27T17:41:08+00:00,DSA-videos.csv,Playlist,1,No
jpKfrXetb9Q,,,,,,,,,,,,2025-08-27T17:41:13+00:00,DSA-videos.csv,Playlist,1,No
iSf7d2ldp70,,,,,,,,,,,,2025-08-27T17:41:19+00:00,DSA-videos.csv,Playlist,1,No
Zexx16dNPX8,,,,,,,,,,,,2025-08-27T17:41:25+00:00,DSA-videos.csv,Playlist,1,No
lcdO8gSWZHw,,,,,,,,,,,,2025-08-27T17:41:30+00:00,DSA-videos.csv,Playlist,1,No
Ajg7LRTBo6U,,,,,,,,,,,,2025-08-27T17:41:35+00:00,DSA-videos.csv,Playlist,1,No
OX0bCSG7EfE,,,,,,,,,,,,2025-08-27T17:41:40+00:00,DSA-videos.csv,Playlist,1,No
AQrsAc3EcyQ,,,,,,,,,,,,2025-08-27T17:42:29+00:00,DSA-videos.csv,Playlist,1,No
vxcpdClAktE,,,,,,,,,,,,2025-08-27T17:42:36+00:00,DSA-videos.csv,Playlist,1,No
OHZqAc6h3Us,,,,,,,,,,,,2025-08-27T17:42:45+00:00,DSA-videos.csv,Playlist,1,No
cWz4_zUegxE,,,,,,,,,,,,2025-08-27T17:42:50+00:00,DSA-videos.csv,Playlist,1,No
LQGmWiDuTw8,,,,,,,,,,,,2025-08-27T17:44:21+00:00,DSA-videos.csv,Playlist,1,No
99ExTh_0Ycg,,,,,,,,,,,,2025-08-27T17:44:26+00:00,DSA-videos.csv,Playlist,1,No
5MT4KsvOXYs,,,,,,,,,,,,2025-08-27T17:44:32+00:00,DSA-videos.csv,Playlist,1,No
ur0srHvM1cA,,,,,,,,,,,,2025-08-27T17:44:36+00:00,DSA-videos.csv,Playlist,1,No
y1VEygeHpGU,,,,,,,,,,,,2025-08-27T17:44:42+00:00,DSA-videos.csv,Playlist,1,No
AIlI-24oC6Q,,,,,,,,,,,,2025-08-27T17:44:50+00:00,DSA-videos.csv,Playlist,1,No
H1nBu3L-2gQ,,,,,,,,,,,,2025-08-27T17:45:01+00:00,DSA-videos.csv,Playlist,1,No
LWgksJP-5SA,,,,,,,,,,,,2025-08-27T17:45:10+00:00,DSA-videos.csv,Playlist,1,No
Sh-IqBIg9dU,,,,,,,,,,,,2025-08-27T17:45:55+00:00,DSA-videos.csv,Playlist,1,No
OpOPUeGFjxE,,,,,,,,,,,,2025-08-27T17:46:00+00:00,DSA-videos.csv,Playlist,1,No
pT-lOE1on3M,,,,,,,,,,,,2025-08-27T17:46:05+00:00,DSA-videos.csv,Playlist,1,No
MsdLjL87BEo,,,,,,,,,,,,2025-08-27T17:46:23+00:00,DSA-videos.csv,Playlist,1,No
XonYlqE049I,,,,,,,,,,,,2025-08-27T17:46:29+00:00,DSA-videos.csv,Playlist,1,No
QzcxeJZByNM,,,,,,,,,,,,2025-08-27T17:46:34+00:00,DSA-videos.csv,Playlist,1,No
C8wonkVDWz8,,,,,,,,,,,,2025-08-27T17:46:39+00:00,DSA-videos.csv,Playlist,1,No
HjSmSLPR7S4,,,,,,,,,,,,2025-08-27T17:46:46+00:00,DSA-videos.csv,Playlist,1,No
zCeZOyACpUQ,,,,,,,,,,,,2025-08-27T17:46:51+00:00,DSA-videos.csv,Playlist,1,No
6mONZ_54rZg,,,,,,,,,,,,2025-08-27T17:47:43+00:00,DSA-videos.csv,Playlist,1,No
HJaSuUOUH90,,,,,,,,,,,,2025-08-27T17:47:49+00:00,DSA-videos.csv,Playlist,1,No
wpHzXTkuVkY,,,,,,,,,,,,2025-08-27T17:47:53+00:00,DSA-videos.csv,Playlist,1,No
tK1TLnhmXzw,,,,,,,,,,,,2025-08-27T17:47:58+00:00,DSA-videos.csv,Playlist,1,No
dwMOrl85Xes,,,,,,,,,,,,2025-08-27T17:48:06+00:00,DSA-videos.csv,Playlist,1,No
YAYnMfHbjz4,,,,,,,,,,,,2025-08-27T17:48:11+00:00,DSA-videos.csv,Playlist,1,No
QQoIiY4K-M0,,,,,,,,,,,,2025-08-27T17:48:16+00:00,DSA-videos.csv,Playlist,1,No
4Kww-zIkWWY,,,,,,,,,,,,2025-08-27T17:48:22+00:00,DSA-videos.csv,Playlist,1,No
eJx-Cyc6KRQ,,,,,,,,,,,,2025-08-27T17:48:27+00:00,DSA-videos.csv,Playlist,1,No
wYoZMBenHYY,,,,,,,,,,,,2025-08-27T17:50:18+00:00,DSA-videos.csv,Playlist,1,No
VxeH7_QL-28,,,,,,,,,,,,2025-08-27T18:20:57+00:00,DSA-videos.csv,Playlist,1,No
Kj98r8IgJOQ,,,,,,,,,,,,2025-08-27T18:21:05+00:00,DSA-videos.csv,Playlist,1,No
jziDtPZJ4fw,,,,,,,,,,,,2025-08-27T18:21:10+00:00,DSA-videos.csv,Playlist,1,No
MQlC8EoOdZ0,,,,,,,,,,,,2025-08-27T18:21:14+00:00,DSA-videos.csv,Playlist,1,No
x29QnzSBFVI,,,,,,,,,,,,2025-08-27T18:21:20+00:00,DSA-videos.csv,Playlist,1,No
bHEQ4D_XcyY,,,,,,,,,,,,2025-08-27T18:21:25+00:00,DSA-videos.csv,Playlist,1,No
AaoytRXBXGs,,,,,,,,,,,,2025-08-27T18:21:30+00:00,DSA-videos.csv,Playlist,1,No
Um9_VT78nfg,,,,,,,,,,,,2025-08-27T18:21:36+00:00,DSA-videos.csv,Playlist,1,No
BYushAxaQOg,,,,,,,,,,,,2025-08-27T18:21:41+00:00,DSA-videos.csv,Playlist,1,No
TLJd7W-z-yc,,,,,,,,,,,,2025-08-27T18:21:53+00:00,DSA-videos.csv,Playlist,1,No
2JG5rLM3vz8,,,,,,,,,,,,2025-08-27T18:22:02+00:00,DSA-videos.csv,Playlist,1,No
2wANakxRZNo,,,,,,,,,,,,2025-08-28T11:48:51+00:00,DSA-videos.csv,Playlist,1,No
33kCYPLnvcE,,,,,,,,,,,,2025-08-28T11:48:59+00:00,DSA-videos.csv,Playlist,1,No
SSwvMoOhiq0,,,,,,,,,,,,2025-08-28T11:49:05+00:00,DSA-videos.csv,Playlist,1,No
JkjQNJSxXN0,,,,,,,,,,,,2025-08-28T11:49:11+00:00,DSA-videos.csv,Playlist,1,No
mESeQZKfvtY,,,,,,,,,,,,2025-08-28T11:49:17+00:00,DSA-videos.csv,Playlist,1,No
onA7_MaPGkM,,,,,,,,,,,,2025-08-28T11:49:24+00:00,DSA-videos.csv,Playlist,1,No
1lNK80tOTfc,,,,,,,,,,,,2025-08-28T11:49:31+00:00,DSA-videos.csv,Playlist,1,No
h13Y9sDbQ6w,,,,,,,,,,,,2025-08-28T11:49:37+00:00,DSA-videos.csv,Playlist,1,No
H9zVwDf6Frk,,,,,,,,,,,,2025-08-28T11:49:43+00:00,DSA-videos.csv,Playlist,1,No
JK_zuiNYJOQ,,,,,,,,,,,,2025-08-28T11:49:49+00:00,DSA-videos.csv,Playlist,1,No
Xhqo5_SPJa8,,,,,,,,,,,,2025-08-28T11:49:55+00:00,DSA-videos.csv,Playlist,1,No
-N4_SJ9hUdY,,,,,,,,,,,,2025-08-28T11:50:04+00:00,DSA-videos.csv,Playlist,1,No
xhD78PX8Nss,,,,,,,,,,,,2025-08-28T11:50:10+00:00,DSA-videos.csv,Playlist,1,No
D00qGvqmqN0,,,,,,,,,,,,2025-08-28T11:50:17+00:00,DSA-videos.csv,Playlist,1,No
ZmH3gHiIqfI,,,,,,,,,,,,2025-08-28T11:50:23+00:00,DSA-videos.csv,Playlist,1,No
d2ntGf2tSDI,,,,,,,,,,,,2025-08-28T11:50:30+00:00,DSA-videos.csv,Playlist,1,No
f-R9dqsI_FI,,,,,,,,,,,,2025-08-28T11:50:35+00:00,DSA-videos.csv,Playlist,1,No
3x3JoCb8-tU,,,,,,,,,,,,2025-08-28T11:50:41+00:00,DSA-videos.csv,Playlist,1,No
SxoWfYjjRag,,,,,,,,,,,,2025-10-29T12:10:33+00:00,DSA-videos.csv,Playlist,1,No
84mt0YWJd1w,,,,,,,,,,,,2025-10-30T13:42:33+00:00,DSA-videos.csv,Playlist,1,No
Wwml2yq-qH4,,,,,,,,,,,,2025-10-31T01:57:10+00:00,DSA-videos.csv,Playlist,1,No
m7_mhLUTj6Q,,,,,,,,,,,,2025-11-01T01:52:23+00:00,DSA-videos.csv,Playlist,1,No
GZNl0gFm25Q,,,,,,,,,,,,2025-11-02T06:46:04+00:00,DSA-videos.csv,Playlist,1,No
H0fH83hiFs0,,,,,,,,,,,,2025-11-03T03:46:09+00:00,DSA-videos.csv,Playlist,1,No
z65oMfaCSAQ,,,,,,,,,,,,2025-11-04T03:31:49+00:00,DSA-videos.csv,Playlist,1,No
4GyVDJq3cqg,,,,,,,,,,,,2025-11-05T13:42:52+00:00,DSA-videos.csv,Playlist,1,No
iOm-VdQJmSs,,,,,,,,,,,,2025-11-07T08:37:39+00:00,DSA-videos.csv,Playlist,1,No
kcDt60Wav7w,,,,,,,,,,,,2025-11-08T05:18:08+00:00,DSA-videos.csv,Playlist,1,No
PZb41vsgo9E,,,,,,,,,,,,2025-11-09T03:41:30+00:00,DSA-videos.csv,Playlist,1,No
s9-gPx1Nvho,,,,,,,,,,,,2025-11-10T03:50:32+00:00,DSA-videos.csv,Playlist,1,No
l2EfXUSKXJ0,,,,,,,,,,,,2025-11-11T03:19:09+00:00,DSA-videos.csv,Playlist,1,No
kuhQWk6GmWg,,,,,,,,,,,,2025-11-12T03:41:40+00:00,DSA-videos.csv,Playlist,1,No
qO3TKLlvqas,,,,,,,,,,,,2025-11-14T10:07:23+00:00,DSA-videos.csv,Playlist,1,No
A2X-4VIybIY,,,,,,,,,,,,2025-11-17T03:56:22+00:00,DSA-videos.csv,Playlist,1,No
Ex1zE8OUdC8,,,,,,,,,,,,2025-11-18T03:56:08+00:00,DSA-videos.csv,Playlist,1,No
YknLWxLTJv8,,,,,,,,,,,,2025-11-19T04:02:36+00:00,DSA-videos.csv,Playlist,1,No
la4OkK3pY7o,,,,,,,,,,,,2025-11-20T03:41:50+00:00,DSA-videos.csv,Playlist,1,No
FO6xvHNZkBg,,,,,,,,,,,,2025-11-22T04:14:46+00:00,DSA-videos.csv,Playlist,1,No
F6hHAdknock,,,,,,,,,,,,2025-11-23T06:29:42+00:00,DSA-videos.csv,Playlist,1,No
rsoEipuwXiI,,,,,,,,,,,,2025-11-23T12:13:22+00:00,DSA-videos.csv,Playlist,1,No
txYvdhuZpxk,,,,,,,,,,,,2025-11-24T03:50:19+00:00,DSA-videos.csv,Playlist,1,No
Pcz8AGE8vQ8,,,,,,,,,,,,2025-11-25T03:18:55+00:00,DSA-videos.csv,Playlist,1,No
j5168Ug7DvA,,,,,,,,,,,,2025-11-26T02:04:53+00:00,DSA-videos.csv,Playlist,1,No
8rwW3iKqP34,,,,,,,,,,,,2025-11-27T03:27:10+00:00,DSA-videos.csv,Playlist,1,No
sL2wc9zSqPM,,,,,,,,,,,,2025-11-28T03:31:50+00:00,DSA-videos.csv,Playlist,1,No
BzgZ777a6MU,,,,,,,,,,,,2025-11-29T03:44:20+00:00,DSA-videos.csv,Playlist,1,No
7FJrMTpadRI,,,,,,,,,,,,2025-11-30T05:13:20+00:00,DSA-videos.csv,Playlist,1,No
1lrFsXkT_rM,,,,,,,,,,,,2026-08-26T18:21:00+00:00,FAV SONGS-videos.csv,Playlist,1,No
yJg-Y5byMMw,,,,,,,,,,,,2026-08-26T18:14:24+00:00,FAV SONGS-videos.csv,Playlist,1,No
mCkvMxexUf4,,,,,,,,,,,,2026-08-21T01:35:20+00:00,FAV SONGS-videos.csv,Playlist,2,Yes
NKzd_YiW9AQ,,,,,,,,,,,,2026-08-20T13:27:09+00:00,FAV SONGS-videos.csv,Playlist,1,No
HJstyRBLqBQ,,,,,,,,,,,,2026-08-16T18:47:07+00:00,FAV SONGS-videos.csv,Playlist,2,Yes
t4DyuBtNFrc,,,,,,,,,,,,2026-08-06T18:36:23+00:00,FAV SONGS-videos.csv,Playlist,2,Yes
WKr0lMs-uMM,,,,,,,,,,,,2026-08-03T14:02:47+00:00,FAV SONGS-videos.csv,Playlist,1,No
tJttoZEbvYg,,,,,,,,,,,,2026-07-29T18:26:32+00:00,FAV SONGS-videos.csv,Playlist,2,Yes
srjLwgtcxYo,,,,,,,,,,,,2026-07-26T17:47:32+00:00,FAV SONGS-videos.csv,Playlist,1,No
eFIMruzx_Rs,,,,,,,,,,,,2026-07-26T17:45:44+00:00,FAV SONGS-videos.csv,Playlist,1,No
2yqYAsUpdSc,,,,,,,,,,,,2026-07-25T15:09:23+00:00,FAV SONGS-videos.csv,Playlist,2,Yes
1OZnXQQPBU0,,,,,,,,,,,,2026-07-25T15:09:15+00:00,FAV SONGS-videos.csv,Playlist,2,Yes
WTD_HyXewdU,,,,,,,,,,,,2026-07-25T10:49:13+00:00,FAV SONGS-videos.csv,Playlist,2,Yes
wnTz65qqxI0,,,,,,,,,,,,2026-07-19T10:06:28+00:00,FAV SONGS-videos.csv,Playlist,2,Yes
YY2ng9SjCTo,,,,,,,,,,,,2026-07-12T18:27:17+00:00,FAV SONGS-videos.csv,Playlist,2,Yes
2fDzCWNS3ig,,,,,,,,,,,,2026-07-12T15:50:11+00:00,FAV SONGS-videos.csv,Playlist,1,No
81oCkIJko5s,,,,,,,,,,,,2026-07-12T15:06:05+00:00,FAV SONGS-videos.csv,Playlist,1,No
NAkQVL61BRI,,,,,,,,,,,,2026-07-11T10:44:01+00:00,FAV SONGS-videos.csv,Playlist,1,No
NGBCHufUAVE,,,,,,,,,,,,2026-07-11T10:43:51+00:00,FAV SONGS-videos.csv,Playlist,1,No
9kT0oLBPiOw,,,,,,,,,,,,2026-07-10T10:19:23+00:00,FAV SONGS-videos.csv,Playlist,2,Yes
vy63u2hKoPE,,,,,,,,,,,,2026-07-09T08:15:39+00:00,FAV SONGS-videos.csv,Playlist,2,Yes
EFAJcxnFLgs,,,,,,,,,,,,2026-07-06T16:58:36+00:00,FAV SONGS-videos.csv,Playlist,2,Yes
jPe0bX_GtBo,,,,,,,,,,,,2026-07-01T17:19:48+00:00,FAV SONGS-videos.csv,Playlist,2,Yes
rbb-_YU2S4c,,,,,,,,,,,,2026-07-01T17:10:55+00:00,FAV SONGS-videos.csv,Playlist,2,Yes
tgyJNXv8dGQ,,,,,,,,,,,,2026-07-01T15:54:17+00:00,FAV SONGS-videos.csv,Playlist,2,Yes
-lr2g_9DM9k,,,,,,,,,,,,2026-06-30T18:54:23+00:00,FAV SONGS-videos.csv,Playlist,1,No
cUaFXSfFv80,,,,,,,,,,,,2026-06-30T18:51:48+00:00,FAV SONGS-videos.csv,Playlist,1,No
zpveP2GKWtU,,,,,,,,,,,,2026-06-30T03:24:41+00:00,FAV SONGS-videos.csv,Playlist,1,No
9cbPM9MYJgI,,,,,,,,,,,,2026-06-28T16:56:30+00:00,FAV SONGS-videos.csv,Playlist,2,Yes
HWCTnF7K3L4,,,,,,,,,,,,2026-06-28T16:01:10+00:00,FAV SONGS-videos.csv,Playlist,2,Yes
4_F5KQqGOic,,,,,,,,,,,,2026-06-28T12:59:30+00:00,FAV SONGS-videos.csv,Playlist,2,Yes
QgMYdDKVkrw,,,,,,,,,,,,2026-06-28T12:56:57+00:00,FAV SONGS-videos.csv,Playlist,2,Yes
jBhbgZYz7pI,,,,,,,,,,,,2026-06-24T04:23:09+00:00,FAV SONGS-videos.csv,Playlist,2,Yes
a40tAP5MC6M,,,,,,,,,,,,2026-06-24T04:19:32+00:00,FAV SONGS-videos.csv,Playlist,3,Yes
GfiJowcJiVw,,,,,,,,,,,,2026-06-23T08:41:00+00:00,FAV SONGS-videos.csv,Playlist,3,Yes
pqrUQrAcfo4,,,,,,,,,,,,2026-06-23T05:29:06+00:00,FAV SONGS-videos.csv,Playlist,2,Yes
oh2LWWORoiM,,,,,,,,,,,,2026-06-23T01:35:38+00:00,FAV SONGS-videos.csv,Playlist,1,No
pfxyk1glEq4,,,,,,,,,,,,2026-06-21T10:18:13+00:00,FAV SONGS-videos.csv,Playlist,1,No
16jA-6hiSUo,,,,,,,,,,,,2026-06-14T10:34:18+00:00,FAV SONGS-videos.csv,Playlist,1,No
bcUB8SjiH3U,,,,,,,,,,,,2026-06-12T09:45:02+00:00,FAV SONGS-videos.csv,Playlist,1,No
eLBnWNLOAZA,,,,,,,,,,,,2026-06-12T09:36:48+00:00,FAV SONGS-videos.csv,Playlist,2,Yes
SmSeOMXIQ5U,,,,,,,,,,,,2026-06-12T09:25:13+00:00,FAV SONGS-videos.csv,Playlist,1,No
rhJjqHStBb8,,,,,,,,,,,,2026-06-12T09:24:25+00:00,FAV SONGS-videos.csv,Playlist,1,No
WxYgXmZ9xh8,,,,,,,,,,,,2026-06-12T09:23:18+00:00,FAV SONGS-videos.csv,Playlist,2,Yes
ZtEtKXhhtS4,,,,,,,,,,,,2026-06-09T14:25:57+00:00,FAV SONGS-videos.csv,Playlist,2,Yes
DKrelwjugQA,,,,,,,,,,,,2026-06-07T08:30:52+00:00,FAV SONGS-videos.csv,Playlist,2,Yes
E5ONTXHS2mM,,,,,,,,,,,,2026-06-05T11:36:40+00:00,FAV SONGS-videos.csv,Playlist,1,No
agQP0V9sTx0,,,,,,,,,,,,2026-06-03T13:34:14+00:00,FAV SONGS-videos.csv,Playlist,2,Yes
yOuqn4w1ozA,,,,,,,,,,,,2026-06-02T08:03:16+00:00,FAV SONGS-videos.csv,Playlist,1,No
byTNkYZAqs8,,,,,,,,,,,,2026-05-22T10:24:25+00:00,FAV SONGS-videos.csv,Playlist,1,No
yEdfVr8irTw,,,,,,,,,,,,2026-05-21T12:34:35+00:00,FAV SONGS-videos.csv,Playlist,1,No
Yik5fFNfBrU,,,,,,,,,,,,2026-05-18T15:46:53+00:00,FAV SONGS-videos.csv,Playlist,1,No
xTvyyoF_LZY,,,,,,,,,,,,2026-05-15T11:44:40+00:00,FAV SONGS-videos.csv,Playlist,2,Yes
_QtN6qocpKU,,,,,,,,,,,,2026-05-15T11:44:32+00:00,FAV SONGS-videos.csv,Playlist,2,Yes
lzlg0e7MvYI,,,,,,,,,,,,2026-05-15T11:32:37+00:00,FAV SONGS-videos.csv,Playlist,2,Yes
4EQkYVtE-28,,,,,,,,,,,,2026-05-15T11:28:18+00:00,FAV SONGS-videos.csv,Playlist,2,Yes
4AK30HvoIRk,,,,,,,,,,,,2026-05-15T11:24:51+00:00,FAV SONGS-videos.csv,Playlist,2,Yes
H3Kzh6RrnMc,,,,,,,,,,,,2026-05-15T11:20:49+00:00,FAV SONGS-videos.csv,Playlist,2,Yes
STsjU8qow-M,,,,,,,,,,,,2026-05-15T11:19:55+00:00,FAV SONGS-videos.csv,Playlist,2,Yes
OsfAnsMY21M,,,,,,,,,,,,2026-05-15T11:11:32+00:00,FAV SONGS-videos.csv,Playlist,2,Yes
psuGCpXaDMU,,,,,,,,,,,,2026-05-15T10:58:48+00:00,FAV SONGS-videos.csv,Playlist,2,Yes
mTLQhPFx2nM,,,,,,,,,,,,2026-05-12T17:14:41+00:00,FAV SONGS-videos.csv,Playlist,2,Yes
ui7M7j7caHA,,,,,,,,,,,,2026-04-24T12:53:32+00:00,FAV SONGS-videos.csv,Playlist,2,Yes
r7Rn4ryE_w8,,,,,,,,,,,,2026-04-24T12:21:03+00:00,FAV SONGS-videos.csv,Playlist,2,Yes
9qnqYL0eNNI,,,,,,,,,,,,2026-04-24T12:20:58+00:00,FAV SONGS-videos.csv,Playlist,2,Yes
-60Bl9h7u5g,,,,,,,,,,,,2026-04-20T07:54:31+00:00,FAV SONGS-videos.csv,Playlist,2,Yes
h3EuilWNquo,,,,,,,,,,,,2026-04-20T06:00:00+00:00,FAV SONGS-videos.csv,Playlist,2,Yes
Pi8Oh3jq3u0,,,,,,,,,,,,2026-04-20T03:05:26+00:00,FAV SONGS-videos.csv,Playlist,2,Yes
89eEa3RvCF4,,,,,,,,,,,,2026-04-19T09:10:54+00:00,FAV SONGS-videos.csv,Playlist,1,No
cuMuMnCRfqk,,,,,,,,,,,,2026-04-16T08:00:57+00:00,FAV SONGS-videos.csv,Playlist,2,Yes
nyuo9-OjNNg,,,,,,,,,,,,2026-04-16T07:26:09+00:00,FAV SONGS-videos.csv,Playlist,2,Yes
Z8eXaXoUJRQ,,,,,,,,,,,,2026-04-07T17:13:11+00:00,FAV SONGS-videos.csv,Playlist,1,No
KvSxWV9rcbw,,,,,,,,,,,,2026-04-05T17:21:36+00:00,FAV SONGS-videos.csv,Playlist,1,No
tqxRidAWER8,,,,,,,,,,,,2026-04-05T07:43:41+00:00,FAV SONGS-videos.csv,Playlist,2,Yes
vk_ALkyrRsU,,,,,,,,,,,,2026-04-04T08:18:20+00:00,FAV SONGS-videos.csv,Playlist,1,No
V8D5P04kZ_M,,,,,,,,,,,,2026-04-02T16:32:12+00:00,FAV SONGS-videos.csv,Playlist,1,No
RfIOrTb63yY,,,,,,,,,,,,2026-04-02T02:11:25+00:00,FAV SONGS-videos.csv,Playlist,1,No
BPgEgaPk62M,,,,,,,,,,,,2026-04-02T02:10:59+00:00,FAV SONGS-videos.csv,Playlist,1,No
5GL9JoH4Sws,,,,,,,,,,,,2026-04-01T18:16:05+00:00,FAV SONGS-videos.csv,Playlist,1,No
ZAfAud_M_mg,,,,,,,,,,,,2026-04-01T18:15:53+00:00,FAV SONGS-videos.csv,Playlist,1,No
Nop8WphBjqg,,,,,,,,,,,,2026-04-01T18:15:16+00:00,FAV SONGS-videos.csv,Playlist,1,No
RmvpyuRaAmg,,,,,,,,,,,,2026-03-31T19:04:34+00:00,FAV SONGS-videos.csv,Playlist,1,No
_s6RjtOBlh0,,,,,,,,,,,,2026-03-22T15:21:09+00:00,FAV SONGS-videos.csv,Playlist,2,Yes
ZfWSOs5YbQ8,,,,,,,,,,,,2026-03-22T15:11:59+00:00,FAV SONGS-videos.csv,Playlist,2,Yes
KMZYqDKsKIc,,,,,,,,,,,,2026-03-21T12:53:52+00:00,FAV SONGS-videos.csv,Playlist,3,Yes
xI2DJQpTGRE,,,,,,,,,,,,2026-03-18T04:13:28+00:00,FAV SONGS-videos.csv,Playlist,2,Yes
5Kxcm3249HM,,,,,,,,,,,,2026-03-12T17:59:24+00:00,FAV SONGS-videos.csv,Playlist,2,Yes
EvLrAJNxqns,,,,,,,,,,,,2026-02-27T15:56:38+00:00,FAV SONGS-videos.csv,Playlist,2,Yes
Z0S8OOhuhIE,,,,,,,,,,,,2026-02-27T14:42:36+00:00,FAV SONGS-videos.csv,Playlist,2,Yes
NChPamqmsgQ,,,,,,,,,,,,2026-02-27T14:21:26+00:00,FAV SONGS-videos.csv,Playlist,1,No
wxmOt7Xhb6I,,,,,,,,,,,,2026-02-27T09:32:02+00:00,FAV SONGS-videos.csv,Playlist,2,Yes
KmQiD0g6lZE,,,,,,,,,,,,2026-02-27T09:31:36+00:00,FAV SONGS-videos.csv,Playlist,2,Yes
jcKVfhr6O24,,,,,,,,,,,,2026-02-25T16:26:43+00:00,FAV SONGS-videos.csv,Playlist,2,Yes
qPRNIHxLhmc,,,,,,,,,,,,2026-02-19T07:13:36+00:00,FAV SONGS-videos.csv,Playlist,3,Yes
z2qoihbzc3E,,,,,,,,,,,,2026-02-19T06:46:25+00:00,FAV SONGS-videos.csv,Playlist,2,Yes
5Z0dxsFmX7c,,,,,,,,,,,,2026-02-19T06:42:52+00:00,FAV SONGS-videos.csv,Playlist,2,Yes
gCYcHz2k5x0,,,,,,,,,,,,2026-02-15T17:51:47+00:00,FAV SONGS-videos.csv,Playlist,1,No
Q0TEUMPIhk8,,,,,,,,,,,,2026-02-08T11:30:36+00:00,FAV SONGS-videos.csv,Playlist,2,Yes
wvnBHdl5MJo,,,,,,,,,,,,2026-01-30T15:11:54+00:00,FAV SONGS-videos.csv,Playlist,2,Yes
2MHsDNV9lgY,,,,,,,,,,,,2026-01-23T18:01:00+00:00,FAV SONGS-videos.csv,Playlist,2,Yes
F3hTW9e20d8,,,,,,,,,,,,2026-01-20T12:17:01+00:00,FAV SONGS-videos.csv,Playlist,1,No
z11jxaOu_Cw,,,,,,,,,,,,2026-01-20T11:48:18+00:00,FAV SONGS-videos.csv,Playlist,2,Yes
NTpbbQUBbuo,,,,,,,,,,,,2026-01-19T09:42:24+00:00,FAV SONGS-videos.csv,Playlist,1,No
wXhTHyIgQ_U,,,,,,,,,,,,2026-01-19T09:25:37+00:00,FAV SONGS-videos.csv,Playlist,1,No
CfihYWRWRTQ,,,,,,,,,,,,2026-01-19T09:23:44+00:00,FAV SONGS-videos.csv,Playlist,1,No
eFTLKWw542g,,,,,,,,,,,,2026-01-17T03:56:59+00:00,FAV SONGS-videos.csv,Playlist,1,No
IvaEGASmO-U,,,,,,,,,,,,2026-01-16T17:56:56+00:00,FAV SONGS-videos.csv,Playlist,2,Yes
KqpWxzX-sGw,,,,,,,,,,,,2026-01-16T17:56:34+00:00,FAV SONGS-videos.csv,Playlist,1,No
4SrwoVxrI0o,,,,,,,,,,,,2026-01-13T12:35:52+00:00,FAV SONGS-videos.csv,Playlist,2,Yes
Xs0Lxif1u9E,,,,,,,,,,,,2026-01-10T16:21:46+00:00,FAV SONGS-videos.csv,Playlist,1,No
EAnLyHsc3-Y,,,,,,,,,,,,2026-01-06T19:15:50+00:00,FAV SONGS-videos.csv,Playlist,2,Yes
iHveRcodrUE,,,,,,,,,,,,2026-01-04T13:07:22+00:00,FAV SONGS-videos.csv,Playlist,1,No
9jdLnFYQh4s,,,,,,,,,,,,2026-01-04T11:48:59+00:00,FAV SONGS-videos.csv,Playlist,2,Yes
GKFL_aKb6Z8,,,,,,,,,,,,2026-01-04T11:48:48+00:00,FAV SONGS-videos.csv,Playlist,2,Yes
J7p4bzqLvCw,,,,,,,,,,,,2026-01-04T11:40:19+00:00,FAV SONGS-videos.csv,Playlist,3,Yes
HgLfYfJtc8M,,,,,,,,,,,,2026-01-04T11:28:39+00:00,FAV SONGS-videos.csv,Playlist,2,Yes
Ogyd6E9rs1U,,,,,,,,,,,,2026-01-04T11:28:29+00:00,FAV SONGS-videos.csv,Playlist,2,Yes
8VKD-IlvibI,,,,,,,,,,,,2026-01-04T11:26:26+00:00,FAV SONGS-videos.csv,Playlist,2,Yes
cCfPDrRQp9k,,,,,,,,,,,,2026-01-04T11:25:03+00:00,FAV SONGS-videos.csv,Playlist,2,Yes
snx5qGUtVi8,,,,,,,,,,,,2026-01-04T11:24:43+00:00,FAV SONGS-videos.csv,Playlist,2,Yes
IN-PeAZDi7g,,,,,,,,,,,,2026-01-04T11:06:04+00:00,FAV SONGS-videos.csv,Playlist,2,Yes
RmYCOm4ehKs,,,,,,,,,,,,2026-01-04T10:55:23+00:00,FAV SONGS-videos.csv,Playlist,2,Yes
6RchbVJpJRI,,,,,,,,,,,,2026-01-04T09:02:52+00:00,FAV SONGS-videos.csv,Playlist,2,Yes
JucvYrdSIcM,,,,,,,,,,,,2026-01-04T08:22:53+00:00,FAV SONGS-videos.csv,Playlist,2,Yes
s_k_R4Ofnts,,,,,,,,,,,,2026-01-03T14:36:27+00:00,FAV SONGS-videos.csv,Playlist,2,Yes
cyvRa9F5fIM,,,,,,,,,,,,2025-12-31T06:04:48+00:00,FAV SONGS-videos.csv,Playlist,2,Yes
HqUeSjsYLNU,,,,,,,,,,,,2025-12-31T06:01:23+00:00,FAV SONGS-videos.csv,Playlist,1,No
kjlu9RRHcbE,,,,,,,,,,,,2025-12-29T20:30:42+00:00,FAV SONGS-videos.csv,Playlist,1,No
Os47nMrjw_Y,,,,,,,,,,,,2025-12-29T20:18:59+00:00,FAV SONGS-videos.csv,Playlist,1,No
94-KCPOxd2Y,,,,,,,,,,,,2025-12-29T20:13:29+00:00,FAV SONGS-videos.csv,Playlist,1,No
Y2UOwvUQ8L0,,,,,,,,,,,,2025-12-29T20:08:38+00:00,FAV SONGS-videos.csv,Playlist,2,Yes
Pv6wC1yzipY,,,,,,,,,,,,2025-12-29T19:47:25+00:00,FAV SONGS-videos.csv,Playlist,2,Yes
qBqpA-793SE,,,,,,,,,,,,2025-12-29T19:11:58+00:00,FAV SONGS-videos.csv,Playlist,2,Yes
byxFUKxhT3s,,,,,,,,,,,,2025-12-18T08:42:13+00:00,FAV SONGS-videos.csv,Playlist,1,No
m3_uVdlXIsg,,,,,,,,,,,,2025-12-16T12:59:44+00:00,FAV SONGS-videos.csv,Playlist,1,No
HndZrAOzd9E,,,,,,,,,,,,2025-12-16T12:36:43+00:00,FAV SONGS-videos.csv,Playlist,2,Yes
jvAw4NxBEHc,,,,,,,,,,,,2025-11-25T15:25:13+00:00,FAV SONGS-videos.csv,Playlist,1,No
qa-ZYDyURZw,,,,,,,,,,,,2025-11-25T12:36:17+00:00,FAV SONGS-videos.csv,Playlist,2,Yes
4h0a1NCeC14,,,,,,,,,,,,2025-10-27T12:29:16+00:00,FAV SONGS-videos.csv,Playlist,1,No
eVli-tstM5E,,,,,,,,,,,,2025-10-27T12:29:10+00:00,FAV SONGS-videos.csv,Playlist,1,No
YhX_Woa3kVA,,,,,,,,,,,,2025-10-20T18:30:25+00:00,FAV SONGS-videos.csv,Playlist,2,Yes
H89qGpQo7NA,,,,,,,,,,,,2025-10-20T12:44:05+00:00,FAV SONGS-videos.csv,Playlist,2,Yes
rcdncqJLbm4,,,,,,,,,,,,2025-10-20T12:33:41+00:00,FAV SONGS-videos.csv,Playlist,2,Yes
ausL2BC3u3w,,,,,,,,,,,,2025-10-13T10:59:12+00:00,FAV SONGS-videos.csv,Playlist,1,No
lN4w71AiO_o,,,,,,,,,,,,2025-10-09T08:10:37+00:00,FAV SONGS-videos.csv,Playlist,2,Yes
VJxppgsHjF8,,,,,,,,,,,,2025-10-06T16:32:27+00:00,FAV SONGS-videos.csv,Playlist,1,No
TSLfG53JUpc,,,,,,,,,,,,2025-09-28T07:01:36+00:00,FAV SONGS-videos.csv,Playlist,2,Yes
T1A4CpaoeSA,,,,,,,,,,,,2025-09-28T02:18:20+00:00,FAV SONGS-videos.csv,Playlist,1,No
A66TYFdz8YA,,,,,,,,,,,,2025-09-22T11:17:25+00:00,FAV SONGS-videos.csv,Playlist,1,No
BJM-Gs0taqA,,,,,,,,,,,,2025-09-21T10:06:01+00:00,FAV SONGS-videos.csv,Playlist,2,Yes
wScs3JNn8Lg,,,,,,,,,,,,2025-09-20T08:08:16+00:00,FAV SONGS-videos.csv,Playlist,1,No
a3Ue-LN5B9U,,,,,,,,,,,,2025-09-15T12:11:45+00:00,FAV SONGS-videos.csv,Playlist,1,No
QU9c0053UAU,,,,,,,,,,,,2025-09-14T17:14:42+00:00,FAV SONGS-videos.csv,Playlist,1,No
jzD_yyEcp0M,,,,,,,,,,,,2025-09-14T17:07:06+00:00,FAV SONGS-videos.csv,Playlist,1,No
8EJ3zbKTWQ8,,,,,,,,,,,,2025-09-14T17:03:07+00:00,FAV SONGS-videos.csv,Playlist,1,No
UNZqm3dxd2w,,,,,,,,,,,,2025-09-14T16:45:38+00:00,FAV SONGS-videos.csv,Playlist,1,No
PZtSnQBsBW0,,,,,,,,,,,,2025-09-07T09:58:52+00:00,FAV SONGS-videos.csv,Playlist,2,Yes
BQ0mxQXmLsk,,,,,,,,,,,,2025-09-06T03:22:07+00:00,FAV SONGS-videos.csv,Playlist,1,No
s3a4OQR-10M,,,,,,,,,,,,2025-09-06T03:13:18+00:00,FAV SONGS-videos.csv,Playlist,1,No
-JMtKCqnkm0,,,,,,,,,,,,2025-09-04T08:10:03+00:00,FAV SONGS-videos.csv,Playlist,1,No
cDuuYdJYIGY,,,,,,,,,,,,2025-09-02T13:20:41+00:00,FAV SONGS-videos.csv,Playlist,1,No
n2dVFdqMYGA,,,,,,,,,,,,2025-09-02T12:00:49+00:00,FAV SONGS-videos.csv,Playlist,1,No
AiD6SOOBKZI,,,,,,,,,,,,2025-09-01T18:59:55+00:00,FAV SONGS-videos.csv,Playlist,1,No
U-o5jaxPL-M,,,,,,,,,,,,2025-08-31T16:39:58+00:00,FAV SONGS-videos.csv,Playlist,1,No
N4wK3NtVRT0,,,,,,,,,,,,2025-08-31T06:27:33+00:00,FAV SONGS-videos.csv,Playlist,1,No
t928rdRYYnU,,,,,,,,,,,,2025-08-31T04:31:01+00:00,FAV SONGS-videos.csv,Playlist,1,No
fJ9rUzIMcZQ,,,,,,,,,,,,2025-08-30T20:45:05+00:00,FAV SONGS-videos.csv,Playlist,1,No
DlFXDl_ROAM,,,,,,,,,,,,2025-08-29T11:01:25+00:00,FAV SONGS-videos.csv,Playlist,1,No
m2GMZaEvRKk,,,,,,,,,,,,2025-08-29T07:54:20+00:00,FAV SONGS-videos.csv,Playlist,1,No
8I9v8yaaknM,,,,,,,,,,,,2025-08-29T03:22:28+00:00,FAV SONGS-videos.csv,Playlist,1,No
orfnBcxKvX8,,,,,,,,,,,,2025-08-28T15:35:09+00:00,FAV SONGS-videos.csv,Playlist,1,No
wo_6iFHM4_0,,,,,,,,,,,,2025-08-28T15:31:49+00:00,FAV SONGS-videos.csv,Playlist,1,No
U_i9tHtCtCo,,,,,,,,,,,,2025-08-28T05:15:54+00:00,FAV SONGS-videos.csv,Playlist,1,No
Z2CZn966cUg,,,,,,,,,,,,2025-08-28T05:15:48+00:00,FAV SONGS-videos.csv,Playlist,1,No
3Kxf2dHlDpQ,,,,,,,,,,,,2025-08-25T12:14:36+00:00,FAV SONGS-videos.csv,Playlist,1,No
_PBlykN4KIY,,,,,,,,,,,,2025-08-25T11:42:42+00:00,FAV SONGS-videos.csv,Playlist,1,No
AmoBIMjRgKQ,,,,,,,,,,,,2025-08-25T10:47:03+00:00,FAV SONGS-videos.csv,Playlist,1,No
dOKQeqGNJwY,,,,,,,,,,,,2025-08-25T06:10:09+00:00,FAV SONGS-videos.csv,Playlist,1,No
h5jz8xdpR0M,,,,,,,,,,,,2025-08-25T04:54:15+00:00,FAV SONGS-videos.csv,Playlist,1,No
08WiUcJmnZc,,,,,,,,,,,,2025-08-25T04:45:53+00:00,FAV SONGS-videos.csv,Playlist,1,No
GCdwKhTtNNw,,,,,,,,,,,,2025-08-25T04:45:47+00:00,FAV SONGS-videos.csv,Playlist,1,No
lWV6jM-2DvE,,,,,,,,,,,,2025-08-24T17:31:52+00:00,FAV SONGS-videos.csv,Playlist,1,No
HQHlvmpMDDs,,,,,,,,,,,,2025-08-24T17:29:24+00:00,FAV SONGS-videos.csv,Playlist,1,No
H5v3kku4y6Q,,,,,,,,,,,,2025-08-24T17:25:07+00:00,FAV SONGS-videos.csv,Playlist,1,No
KUN5Uf9mObQ,,,,,,,,,,,,2025-08-24T03:21:50+00:00,FAV SONGS-videos.csv,Playlist,1,No
F5tSoaJ93ac,,,,,,,,,,,,2025-08-24T03:17:50+00:00,FAV SONGS-videos.csv,Playlist,1,No
oAVhUAaVCVQ,,,,,,,,,,,,2025-08-24T03:17:39+00:00,FAV SONGS-videos.csv,Playlist,1,No
HZbsLxL7GeM,,,,,,,,,,,,2025-08-24T03:17:20+00:00,FAV SONGS-videos.csv,Playlist,1,No
HCjNJDNzw8Y,,,,,,,,,,,,2025-08-24T03:11:50+00:00,FAV SONGS-videos.csv,Playlist,1,No
XmDnj_Hrxf8,,,,,,,,,,,,2025-08-24T03:11:26+00:00,FAV SONGS-videos.csv,Playlist,1,No
0EVVKs6DQLo,,,,,,,,,,,,2025-08-24T03:11:00+00:00,FAV SONGS-videos.csv,Playlist,1,No
LjhCEhWiKXk,,,,,,,,,,,,2025-08-24T03:03:42+00:00,FAV SONGS-videos.csv,Playlist,1,No
09R8_2nJtjg,,,,,,,,,,,,2025-08-24T03:03:14+00:00,FAV SONGS-videos.csv,Playlist,1,No
OPf0YbXqDm0,,,,,,,,,,,,2025-08-24T03:02:57+00:00,FAV SONGS-videos.csv,Playlist,1,No
TUVcZfQe-Kw,,,,,,,,,,,,2025-08-24T03:02:52+00:00,FAV SONGS-videos.csv,Playlist,1,No
oRdxUFDoQe0,,,,,,,,,,,,2025-08-24T03:02:46+00:00,FAV SONGS-videos.csv,Playlist,1,No
PMivT7MJ41M,,,,,,,,,,,,2025-08-24T03:02:31+00:00,FAV SONGS-videos.csv,Playlist,1,No
kJQP7kiw5Fk,,,,,,,,,,,,2025-08-24T03:02:19+00:00,FAV SONGS-videos.csv,Playlist,1,No
7wtfhZwyrcc,,,,,,,,,,,,2025-08-24T03:02:09+00:00,FAV SONGS-videos.csv,Playlist,1,No
w2Ov5jzm3j8,,,,,,,,,,,,2025-08-24T03:02:03+00:00,FAV SONGS-videos.csv,Playlist,1,No
4NRXx6U8ABQ,,,,,,,,,,,,2025-08-24T03:01:33+00:00,FAV SONGS-videos.csv,Playlist,1,No
NU3xm6N7tzw,,,,,,,,,,,,2025-08-24T02:56:06+00:00,FAV SONGS-videos.csv,Playlist,1,No
4nCshJBODT4,,,,,,,,,,,,2025-08-24T02:55:59+00:00,FAV SONGS-videos.csv,Playlist,1,No
FS9dkwhPypY,,,,,,,,,,,,2025-08-24T02:55:50+00:00,FAV SONGS-videos.csv,Playlist,1,No
qxsQe2EAk40,,,,,,,,,,,,2025-08-24T02:53:31+00:00,FAV SONGS-videos.csv,Playlist,1,No
1F3hm6MfR1k,,,,,,,,,,,,2025-08-24T02:19:03+00:00,FAV SONGS-videos.csv,Playlist,1,No
TIOZUdc0aL8,,,,,,,,,,,,2025-08-24T02:18:01+00:00,FAV SONGS-videos.csv,Playlist,1,No
qpgTC9MDx1o,,,,,,,,,,,,2025-08-24T02:17:40+00:00,FAV SONGS-videos.csv,Playlist,1,No
mw-SzHiWsTM,,,,,,,,,,,,2025-08-24T02:16:55+00:00,FAV SONGS-videos.csv,Playlist,1,No
IcrbM1l_BoI,,,,,,,,,,,,2025-08-24T02:16:35+00:00,FAV SONGS-videos.csv,Playlist,1,No
VY5U96vcJ3g,,,,,,,,,,,,2025-08-24T02:16:28+00:00,FAV SONGS-videos.csv,Playlist,1,No
UceaB4D0jpo,,,,,,,,,,,,2025-08-24T02:16:05+00:00,FAV SONGS-videos.csv,Playlist,1,No
IYOfGK5Zos4,,,,,,,,,,,,2025-08-24T02:15:56+00:00,FAV SONGS-videos.csv,Playlist,1,No
_fzQRw2RhVg,,,,,,,,,,,,2025-08-24T02:09:42+00:00,FAV SONGS-videos.csv,Playlist,1,No
s6gAOj4wWeI,,,,,,,,,,,,2025-08-24T02:06:12+00:00,FAV SONGS-videos.csv,Playlist,1,No
fwVmLeECsts,,,,,,,,,,,,2025-08-24T02:02:32+00:00,FAV SONGS-videos.csv,Playlist,1,No
BHEbSmlo0CQ,,,,,,,,,,,,2025-08-24T01:54:38+00:00,FAV SONGS-videos.csv,Playlist,1,No
hOHKltAiKXQ,,,,,,,,,,,,2025-08-24T01:48:43+00:00,FAV SONGS-videos.csv,Playlist,1,No
eiGdsH1g20k,,,,,,,,,,,,2025-08-24T01:48:38+00:00,FAV SONGS-videos.csv,Playlist,1,No
dx4Teh-nv3A,,,,,,,,,,,,2025-08-24T01:48:32+00:00,FAV SONGS-videos.csv,Playlist,1,No
pxCWiYFkvTg,,,,,,,,,,,,2025-08-24T01:47:07+00:00,FAV SONGS-videos.csv,Playlist,1,No
LPeZOE8ZIHI,,,,,,,,,,,,2025-08-24T01:43:00+00:00,FAV SONGS-videos.csv,Playlist,1,No
B-pNp0LUV2Y,,,,,,,,,,,,2025-08-24T01:42:45+00:00,FAV SONGS-videos.csv,Playlist,1,No
6mr4cYJ7yew,,,,,,,,,,,,2025-08-24T01:40:53+00:00,FAV SONGS-videos.csv,Playlist,1,No
ilNt2bikxDI,,,,,,,,,,,,2025-08-24T01:40:25+00:00,FAV SONGS-videos.csv,Playlist,1,No
epAFDEJImrU,,,,,,,,,,,,2025-08-24T01:40:17+00:00,FAV SONGS-videos.csv,Playlist,1,No
IZF-rOe9u-g,,,,,,,,,,,,2025-08-24T01:39:56+00:00,FAV SONGS-videos.csv,Playlist,1,No
GGJOC1FNqn8,,,,,,,,,,,,2025-08-24T01:39:05+00:00,FAV SONGS-videos.csv,Playlist,1,No
RLzC55ai0eo,,,,,,,,,,,,2025-08-24T01:38:07+00:00,FAV SONGS-videos.csv,Playlist,1,No
Cw1qnwbIEFY,,,,,,,,,,,,2025-08-21T09:06:04+00:00,FAV SONGS-videos.csv,Playlist,1,No
Zz1M1iVEkwM,,,,,,,,,,,,2025-08-19T04:48:18+00:00,FAV SONGS-videos.csv,Playlist,1,No
ElZfdU54Cp8,,,,,,,,,,,,2025-08-15T09:22:49+00:00,FAV SONGS-videos.csv,Playlist,1,No
tK4qSZHc9dk,,,,,,,,,,,,2025-08-15T07:56:07+00:00,FAV SONGS-videos.csv,Playlist,1,No
F-EHyFiDaKo,,,,,,,,,,,,2025-08-15T07:55:16+00:00,FAV SONGS-videos.csv,Playlist,1,No
-UYgORr5Qhg,,,,,,,,,,,,2025-08-14T05:01:19+00:00,FAV SONGS-videos.csv,Playlist,1,No
-2RAq5o5pwc,,,,,,,,,,,,2025-08-13T17:05:21+00:00,FAV SONGS-videos.csv,Playlist,1,No
8aAHi66YNsw,,,,,,,,,,,,2025-08-13T17:00:30+00:00,FAV SONGS-videos.csv,Playlist,1,No
oS07d8Gr4tw,,,,,,,,,,,,2025-08-13T08:13:51+00:00,FAV SONGS-videos.csv,Playlist,1,No
yKNxeF4KMsY,,,,,,,,,,,,2025-08-08T15:16:10+00:00,FAV SONGS-videos.csv,Playlist,1,No
6C33PKdV710,,,,,,,,,,,,2025-08-05T10:33:28+00:00,FAV SONGS-videos.csv,Playlist,1,No
Cjp6RVrOOW0,,,,,,,,,,,,2025-08-05T10:20:38+00:00,FAV SONGS-videos.csv,Playlist,1,No
nsXwi67WgOo,,,,,,,,,,,,2025-08-05T08:13:32+00:00,FAV SONGS-videos.csv,Playlist,1,No
fwK7ggA3-bU,,,,,,,,,,,,2025-08-04T09:50:59+00:00,FAV SONGS-videos.csv,Playlist,1,No
fPO76Jlnz6c,,,,,,,,,,,,2025-08-04T08:08:01+00:00,FAV SONGS-videos.csv,Playlist,1,No
0-7IHOXkiV8,,,,,,,,,,,,2025-08-04T08:07:37+00:00,FAV SONGS-videos.csv,Playlist,1,No
aJ5IzGBnWAc,,,,,,,,,,,,2025-08-04T08:07:09+00:00,FAV SONGS-videos.csv,Playlist,1,No
Fj6cr3FO2JI,,,,,,,,,,,,2025-08-04T08:06:57+00:00,FAV SONGS-videos.csv,Playlist,1,No
0w80F8FffQ4,,,,,,,,,,,,2025-07-29T13:08:07+00:00,FAV SONGS-videos.csv,Playlist,1,No
Le8A4uoq5ss,,,,,,,,,,,,2025-07-05T10:50:58+00:00,FAV SONGS-videos.csv,Playlist,1,No
pXm9qoxtneI,,,,,,,,,,,,2025-06-30T15:09:35+00:00,FAV SONGS-videos.csv,Playlist,1,No
UHZjbwKXDTc,,,,,,,,,,,,2025-06-30T15:09:25+00:00,FAV SONGS-videos.csv,Playlist,1,No
IpFX2vq8HKw,,,,,,,,,,,,2025-05-16T12:41:06+00:00,FAV SONGS-videos.csv,Playlist,1,No
5Eqb_-j3FDA,,,,,,,,,,,,2025-05-02T16:31:15+00:00,FAV SONGS-videos.csv,Playlist,1,No
QNJL6nfu__Q,,,,,,,,,,,,2025-04-23T03:14:09+00:00,FAV SONGS-videos.csv,Playlist,1,No
qVHaXD7zHDQ,,,,,,,,,,,,2025-03-25T17:33:14+00:00,FAV SONGS-videos.csv,Playlist,1,No
6_1p9FZSSUs,,,,,,,,,,,,2024-11-24T09:47:05+00:00,FAV SONGS-videos.csv,Playlist,1,No
TuUVVKVdZm4,,,,,,,,,,,,2024-11-23T18:45:09+00:00,FAV SONGS-videos.csv,Playlist,1,No
MRtRcTfszjY,,,,,,,,,,,,2024-11-23T18:30:47+00:00,FAV SONGS-videos.csv,Playlist,1,No
UOOSspSCVUI,,,,,,,,,,,,2024-11-23T18:16:24+00:00,FAV SONGS-videos.csv,Playlist,1,No
qYjPxdLIuk0,,,,,,,,,,,,2024-11-23T18:16:15+00:00,FAV SONGS-videos.csv,Playlist,1,No
P0KasU0HXD0,,,,,,,,,,,,2024-11-20T17:30:43+00:00,FAV SONGS-videos.csv,Playlist,1,No
AMGtL2fbp6Q,,,,,,,,,,,,2024-11-20T16:11:40+00:00,FAV SONGS-videos.csv,Playlist,1,No
tAPVdPLCvYU,,,,,,,,,,,,2024-11-14T16:22:15+00:00,FAV SONGS-videos.csv,Playlist,1,No
beqprrnaKFc,,,,,,,,,,,,2024-11-14T16:22:00+00:00,FAV SONGS-videos.csv,Playlist,1,No
eQNHDV7lKgE,,,,,,,,,,,,2024-11-14T16:20:58+00:00,FAV SONGS-videos.csv,Playlist,1,No
DHWNmQv9-j4,,,,,,,,,,,,2024-11-03T12:57:36+00:00,FAV SONGS-videos.csv,Playlist,1,No
lxRwEPvL-mQ,,,,,,,,,,,,2024-11-03T12:57:19+00:00,FAV SONGS-videos.csv,Playlist,1,No
OVh0bMNSFss,,,,,,,,,,,,2024-10-31T11:13:17+00:00,FAV SONGS-videos.csv,Playlist,1,No
DgeLMTo-1Fk,,,,,,,,,,,,2024-07-20T16:38:39+00:00,FAV SONGS-videos.csv,Playlist,1,No
VMW5dgOosno,,,,,,,,,,,,2024-07-13T11:20:46+00:00,FAV SONGS-videos.csv,Playlist,1,No
reursVoX2_M,,,,,,,,,,,,2024-07-13T11:20:26+00:00,FAV SONGS-videos.csv,Playlist,1,No
tn3wc-JwGKQ,,,,,,,,,,,,2024-07-13T11:19:14+00:00,FAV SONGS-videos.csv,Playlist,1,No
D1G_jrSSEe4,,,,,,,,,,,,2024-07-13T11:18:53+00:00,FAV SONGS-videos.csv,Playlist,1,No
Xi8Fabcb_MA,,,,,,,,,,,,2024-07-03T01:29:53+00:00,FAV SONGS-videos.csv,Playlist,1,No
jbozqTM2Tgo,,,,,,,,,,,,2024-06-29T09:53:21+00:00,FAV SONGS-videos.csv,Playlist,1,No
JkcoMuDChKg,,,,,,,,,,,,2024-06-29T04:32:02+00:00,FAV SONGS-videos.csv,Playlist,1,No
bzkdY9JDgSQ,,,,,,,,,,,,2024-06-28T18:15:12+00:00,FAV SONGS-videos.csv,Playlist,1,No
eskq53977sY,,,,,,,,,,,,2024-06-17T04:09:51+00:00,FAV SONGS-videos.csv,Playlist,1,No
Jmv5pTyz--I,,,,,,,,,,,,2024-05-25T16:42:37+00:00,FAV SONGS-videos.csv,Playlist,1,No
Cwcinb2OxUo,,,,,,,,,,,,2024-05-25T16:21:39+00:00,FAV SONGS-videos.csv,Playlist,1,No
2o9KfyPqQzY,,,,,,,,,,,,2024-05-25T16:19:00+00:00,FAV SONGS-videos.csv,Playlist,2,Yes
q-nVxToRN7o,,,,,,,,,,,,2024-05-25T16:18:04+00:00,FAV SONGS-videos.csv,Playlist,1,No
dJWFUBAUM0E,,,,,,,,,,,,2024-05-25T16:06:52+00:00,FAV SONGS-videos.csv,Playlist,1,No
PvT8Kx1WC64,,,,,,,,,,,,2024-05-25T15:57:33+00:00,FAV SONGS-videos.csv,Playlist,1,No
NBUrFx_x5to,,,,,,,,,,,,2024-05-25T15:51:33+00:00,FAV SONGS-videos.csv,Playlist,1,No
0XFudmaObLI,,,,,,,,,,,,2024-05-25T15:47:21+00:00,FAV SONGS-videos.csv,Playlist,1,No
8GW6sLrK40k,,,,,,,,,,,,2024-05-25T15:46:55+00:00,FAV SONGS-videos.csv,Playlist,1,No
dvQJIgjlR3I,,,,,,,,,,,,2024-05-25T15:39:38+00:00,FAV SONGS-videos.csv,Playlist,1,No
34Na4j8AVgA,,,,,,,,,,,,2024-05-25T14:59:35+00:00,FAV SONGS-videos.csv,Playlist,1,No
DeumyOzKqgI,,,,,,,,,,,,2024-05-25T14:52:24+00:00,FAV SONGS-videos.csv,Playlist,1,No
XXYlFuWEuKI,,,,,,,,,,,,2024-05-25T14:47:02+00:00,FAV SONGS-videos.csv,Playlist,1,No
MoN9ql6Yymw,,,,,,,,,,,,2024-05-25T14:44:07+00:00,FAV SONGS-videos.csv,Playlist,1,No
5Zg_5DqumB8,,,,,,,,,,,,2024-05-25T14:36:13+00:00,FAV SONGS-videos.csv,Playlist,1,No
R5hCkh2AH58,,,,,,,,,,,,2024-04-13T15:24:58+00:00,FAV SONGS-videos.csv,Playlist,1,No
e6HMjC1ssZc,,,,,,,,,,,,2024-04-07T14:07:57+00:00,FAV SONGS-videos.csv,Playlist,1,No
XMEXPkPmmq0,,,,,,,,,,,,2024-02-28T16:54:12+00:00,FAV SONGS-videos.csv,Playlist,1,No
gJLVTKhTnog,,,,,,,,,,,,2024-01-27T14:07:45+00:00,FAV SONGS-videos.csv,Playlist,1,No
juEZHbEeuWA,,,,,,,,,,,,2024-01-16T13:42:09+00:00,FAV SONGS-videos.csv,Playlist,1,No
gjeIJBJ-yww,,,,,,,,,,,,2023-12-22T19:03:31+00:00,FAV SONGS-videos.csv,Playlist,1,No
KzKqzvBAhTs,,,,,,,,,,,,2023-12-22T19:01:02+00:00,FAV SONGS-videos.csv,Playlist,1,No
u0JS26tiRCA,,,,,,,,,,,,2023-12-22T18:46:20+00:00,FAV SONGS-videos.csv,Playlist,1,No
1fwJ8H5wWCU,,,,,,,,,,,,2023-11-12T17:05:45+00:00,FAV SONGS-videos.csv,Playlist,1,No
ceACrqQ4svM,,,,,,,,,,,,2023-10-24T18:02:09+00:00,FAV SONGS-videos.csv,Playlist,1,No
Gvkd8LRE6-c,,,,,,,,,,,,2023-10-17T16:11:52+00:00,FAV SONGS-videos.csv,Playlist,1,No
9ZU38yLA014,,,,,,,,,,,,2023-10-06T14:37:14+00:00,FAV SONGS-videos.csv,Playlist,1,No
A0BPkm95-dc,,,,,,,,,,,,2023-10-06T11:11:09+00:00,FAV SONGS-videos.csv,Playlist,1,No
BOyO8sZOaOQ,,,,,,,,,,,,2023-09-15T18:48:18+00:00,FAV SONGS-videos.csv,Playlist,1,No
OsrJf_a5170,,,,,,,,,,,,2023-09-15T18:42:11+00:00,FAV SONGS-videos.csv,Playlist,1,No
fNFzfwLM72c,,,,,,,,,,,,2023-09-11T06:28:21+00:00,FAV SONGS-videos.csv,Playlist,1,No
4TYv2PhG89A,,,,,,,,,,,,2023-09-11T05:56:54+00:00,FAV SONGS-videos.csv,Playlist,1,No
275wRJnw1SI,,,,,,,,,,,,2023-08-31T16:24:16+00:00,FAV SONGS-videos.csv,Playlist,1,No
anjTd9mraeA,,,,,,,,,,,,2023-06-22T07:36:38+00:00,FAV SONGS-videos.csv,Playlist,1,No
vinesewqlks,,,,,,,,,,,,2023-06-22T07:35:06+00:00,FAV SONGS-videos.csv,Playlist,1,No
Fy29jBqckCo,,,,,,,,,,,,2023-06-22T07:34:58+00:00,FAV SONGS-videos.csv,Playlist,1,No
S9bCLPwzSC0,,,,,,,,,,,,2023-05-05T01:49:02+00:00,FAV SONGS-videos.csv,Playlist,1,No
8a64whscjAU,,,,,,,,,,,,2023-04-02T17:57:22+00:00,FAV SONGS-videos.csv,Playlist,1,No
nLnp0tpZ0ok,,,,,,,,,,,,2023-03-05T08:31:19+00:00,FAV SONGS-videos.csv,Playlist,1,No
h2GQVlMkFiE,,,,,,,,,,,,2023-01-20T19:46:23+00:00,FAV SONGS-videos.csv,Playlist,1,No
il9nqWw9W3Y,,,,,,,,,,,,2023-01-20T19:46:15+00:00,FAV SONGS-videos.csv,Playlist,1,No
tEg2JWzskmw,,,,,,,,,,,,2023-01-20T13:12:33+00:00,FAV SONGS-videos.csv,Playlist,2,Yes
uLnMg0GNzNQ,,,,,,,,,,,,2023-01-11T10:55:58+00:00,FAV SONGS-videos.csv,Playlist,2,Yes
f8FAJXPBdOg,,,,,,,,,,,,2023-01-11T10:55:12+00:00,FAV SONGS-videos.csv,Playlist,1,No
TxtvogVepSg,,,,,,,,,,,,2022-12-27T09:59:03+00:00,FAV SONGS-videos.csv,Playlist,2,Yes
23gr_kfmQ1o,,,,,,,,,,,,2022-12-20T17:35:47+00:00,FAV SONGS-videos.csv,Playlist,2,Yes
PA4x8woMFSs,,,,,,,,,,,,2022-12-20T17:35:40+00:00,FAV SONGS-videos.csv,Playlist,2,Yes
RqBA1JaOQ78,,,,,,,,,,,,2022-12-14T05:28:28+00:00,FAV SONGS-videos.csv,Playlist,1,No
5qm8PH4xAss,,,,,,,,,,,,2022-12-11T05:59:02+00:00,FAV SONGS-videos.csv,Playlist,1,No
L8iq_oyBmAg,,,,,,,,,,,,2022-12-06T04:15:41+00:00,FAV SONGS-videos.csv,Playlist,1,No
lRVJuPI5IXI,,,,,,,,,,,,2022-11-30T20:20:18+00:00,FAV SONGS-videos.csv,Playlist,1,No
_GlgOkBR1vU,,,,,,,,,,,,2022-11-22T17:32:25+00:00,FAV SONGS-videos.csv,Playlist,1,No
VDvr08sCPOc,,,,,,,,,,,,2022-11-09T10:33:50+00:00,FAV SONGS-videos.csv,Playlist,1,No
TO-_3tck2tg,,,,,,,,,,,,2022-11-04T08:34:53+00:00,FAV SONGS-videos.csv,Playlist,1,No
SQCSxqScSVQ,,,,,,,,,,,,2022-10-11T09:35:23+00:00,FAV SONGS-videos.csv,Playlist,1,No
6AwXKJoKJz4,,,,,,,,,,,,2022-10-11T09:34:46+00:00,FAV SONGS-videos.csv,Playlist,1,No
yoZy2E17-50,,,,,,,,,,,,2022-09-20T19:13:31+00:00,FAV SONGS-videos.csv,Playlist,1,No
CsHiG-43Fzg,,,,,,,,,,,,2022-08-23T20:38:25+00:00,FAV SONGS-videos.csv,Playlist,1,No
0jXTBAGv9ZQ,,,,,,,,,,,,2022-06-19T14:52:53+00:00,FAV SONGS-videos.csv,Playlist,1,No
-_K7KxcbGBo,,,,,,,,,,,,2022-06-14T11:44:24+00:00,FAV SONGS-videos.csv,Playlist,1,No
xtkox482nS0,,,,,,,,,,,,2022-06-07T02:20:20+00:00,FAV SONGS-videos.csv,Playlist,1,No
0yyuiw7vQy4,,,,,,,,,,,,2022-06-07T02:18:29+00:00,FAV SONGS-videos.csv,Playlist,1,No
vXtTtgtUea8,,,,,,,,,,,,2022-06-07T02:11:32+00:00,FAV SONGS-videos.csv,Playlist,1,No
8CdcCD5V-d8,,,,,,,,,,,,2022-06-07T02:04:14+00:00,FAV SONGS-videos.csv,Playlist,1,No
CtwJvgPJ9xw,,,,,,,,,,,,2022-06-07T02:04:02+00:00,FAV SONGS-videos.csv,Playlist,1,No
4VxdufqB9zg,,,,,,,,,,,,2022-04-30T16:49:18+00:00,FAV SONGS-videos.csv,Playlist,1,No
PaeLgdcRf0s,,,,,,,,,,,,2022-04-03T06:24:23+00:00,FAV SONGS-videos.csv,Playlist,1,No
CWCMGIG1Y54,,,,,,,,,,,,2022-02-08T11:37:39+00:00,FAV SONGS-videos.csv,Playlist,1,No
9EcF07FsuOo,,,,,,,,,,,,2022-02-04T20:14:25+00:00,FAV SONGS-videos.csv,Playlist,1,No
5sMKX22BHeE,,,,,,,,,,,,2022-01-27T19:49:25+00:00,FAV SONGS-videos.csv,Playlist,1,No
rEQRQBfXtSg,,,,,,,,,,,,2022-01-05T06:22:25+00:00,FAV SONGS-videos.csv,Playlist,1,No
edzt82nC45k,,,,,,,,,,,,2022-01-04T10:48:39+00:00,FAV SONGS-videos.csv,Playlist,1,No
Gwg_KYNgu6Y,,,,,,,,,,,,2022-01-04T10:47:32+00:00,FAV SONGS-videos.csv,Playlist,1,No
egUTc3nhwgE,,,,,,,,,,,,2022-01-04T10:39:21+00:00,FAV SONGS-videos.csv,Playlist,1,No
MwpMEbgC7DA,,,,,,,,,,,,2022-01-04T10:34:54+00:00,FAV SONGS-videos.csv,Playlist,1,No
ynU58NRDeaE,,,,,,,,,,,,2022-01-04T10:20:21+00:00,FAV SONGS-videos.csv,Playlist,1,No
PNozaFzqOvI,,,,,,,,,,,,2021-12-07T18:56:57+00:00,FAV SONGS-videos.csv,Playlist,1,No
d6F4B5KxRo8,,,,,,,,,,,,2021-11-23T06:57:14+00:00,FAV SONGS-videos.csv,Playlist,1,No
mRD0-GxqHVo,,,,,,,,,,,,2021-11-23T06:56:03+00:00,FAV SONGS-videos.csv,Playlist,1,No
K5KAc5CoCuk,,,,,,,,,,,,2021-11-14T08:34:03+00:00,FAV SONGS-videos.csv,Playlist,1,No
4EaYu6C4-kc,,,,,,,,,,,,2021-10-12T12:10:17+00:00,FAV SONGS-videos.csv,Playlist,1,No
pAgnJDJN4VA,,,,,,,,,,,,2021-10-11T09:12:48+00:00,FAV SONGS-videos.csv,Playlist,1,No
XbGs_qK2PQA,,,,,,,,,,,,2021-10-07T13:23:37+00:00,FAV SONGS-videos.csv,Playlist,1,No
ntMD9G9u1rI,,,,,,,,,,,,2021-10-07T13:18:18+00:00,FAV SONGS-videos.csv,Playlist,1,No
y2tEPmwWEiI,,,,,,,,,,,,2021-09-24T09:59:27+00:00,FAV SONGS-videos.csv,Playlist,1,No
ALZHF5UqnU4,,,,,,,,,,,,2021-09-24T09:29:54+00:00,FAV SONGS-videos.csv,Playlist,1,No
JGwWNGJdvx8,,,,,,,,,,,,2021-09-24T09:25:30+00:00,FAV SONGS-videos.csv,Playlist,1,No
ixkoVwKQaJg,,,,,,,,,,,,2021-09-24T09:21:05+00:00,FAV SONGS-videos.csv,Playlist,1,No
euCqAq6BRa4,,,,,,,,,,,,2021-09-24T09:16:15+00:00,FAV SONGS-videos.csv,Playlist,1,No
CTmKrwFu7wg,,,,,,,,,,,,2021-09-24T09:08:32+00:00,FAV SONGS-videos.csv,Playlist,1,No
kTJczUoc26U,,,,,,,,,,,,2021-09-24T09:07:09+00:00,FAV SONGS-videos.csv,Playlist,1,No
YykjpeuMNEk,,,,,,,,,,,,2021-09-24T09:00:54+00:00,FAV SONGS-videos.csv,Playlist,1,No
atVof3pjT-I,,,,,,,,,,,,2021-09-24T08:35:34+00:00,FAV SONGS-videos.csv,Playlist,1,No
9-AKLAfpjrI,,,,,,,,,,,,2021-09-24T07:23:38+00:00,FAV SONGS-videos.csv,Playlist,1,No
hoNb6HuNmU0,,,,,,,,,,,,2021-09-24T07:18:58+00:00,FAV SONGS-videos.csv,Playlist,1,No
HoCwa6gnmM0,,,,,,,,,,,,2021-09-24T07:14:43+00:00,FAV SONGS-videos.csv,Playlist,1,No
Q-GOFPM01d0,,,,,,,,,,,,2021-09-24T07:09:40+00:00,FAV SONGS-videos.csv,Playlist,1,No
HMUDVMiITOU,,,,,,,,,,,,2021-09-24T07:05:43+00:00,FAV SONGS-videos.csv,Playlist,1,No
uN1n-uZQQQQ,,,,,,,,,,,,2021-09-21T13:57:43+00:00,FAV SONGS-videos.csv,Playlist,1,No
G_K9xsSdgMs,,,,,,,,,,,,2021-09-21T13:57:36+00:00,FAV SONGS-videos.csv,Playlist,1,No
6AIa3kdKFhg,,,,,,,,,,,,2021-09-21T11:46:58+00:00,FAV SONGS-videos.csv,Playlist,1,No
EK_2zYG6tq8,,,,,,,,,,,,2021-09-21T11:44:23+00:00,FAV SONGS-videos.csv,Playlist,1,No
AVqJou2ngpM,,,,,,,,,,,,2021-09-14T08:25:10+00:00,FAV SONGS-videos.csv,Playlist,2,Yes
pPiL5F0I5xE,,,,,,,,,,,,2021-08-25T12:13:31+00:00,FAV SONGS-videos.csv,Playlist,1,No
_U0PrwLpb_Q,,,,,,,,,,,,2021-08-17T13:59:44+00:00,FAV SONGS-videos.csv,Playlist,1,No
E07s5ZYygMg,,,,,,,,,,,,2021-07-26T03:50:04+00:00,FAV SONGS-videos.csv,Playlist,1,No
lmlCudR3JPk,,,,,,,,,,,,2021-06-28T05:51:59+00:00,FAV SONGS-videos.csv,Playlist,1,No
m66xhttSDVM,,,,,,,,,,,,2021-06-24T16:46:28+00:00,FAV SONGS-videos.csv,Playlist,1,No
WXcnfwXa0c8,,,,,,,,,,,,2021-06-24T16:41:50+00:00,FAV SONGS-videos.csv,Playlist,1,No
u_yiFPJF58o,,,,,,,,,,,,2021-06-24T16:39:10+00:00,FAV SONGS-videos.csv,Playlist,1,No
Ut85dWwrTV8,,,,,,,,,,,,2021-06-24T16:34:09+00:00,FAV SONGS-videos.csv,Playlist,1,No
H0D0776ZEEo,,,,,,,,,,,,2021-06-24T16:27:44+00:00,FAV SONGS-videos.csv,Playlist,1,No
KbltYywRA7g,,,,,,,,,,,,2021-06-24T16:26:29+00:00,FAV SONGS-videos.csv,Playlist,1,No
dZV8bzb0ric,,,,,,,,,,,,2021-06-19T17:36:57+00:00,FAV SONGS-videos.csv,Playlist,1,No
jeBm82LPbF8,,,,,,,,,,,,2021-06-19T17:36:47+00:00,FAV SONGS-videos.csv,Playlist,1,No
Q_kT2HdWv6s,,,,,,,,,,,,2021-06-19T17:24:49+00:00,FAV SONGS-videos.csv,Playlist,1,No
RLLEB4Ac3Hg,,,,,,,,,,,,2021-06-05T08:17:24+00:00,FAV SONGS-videos.csv,Playlist,1,No
WjqmdZWHLtc,,,,,,,,,,,,2021-06-03T04:25:55+00:00,FAV SONGS-videos.csv,Playlist,1,No
SV0IF4XVBlE,,,,,,,,,,,,2021-06-03T04:23:50+00:00,FAV SONGS-videos.csv,Playlist,1,No
2otCTZrcwxE,,,,,,,,,,,,2021-06-03T04:23:30+00:00,FAV SONGS-videos.csv,Playlist,1,No
iRN62IebC04,,,,,,,,,,,,2021-06-03T04:21:05+00:00,FAV SONGS-videos.csv,Playlist,1,No
-uEc8_dcYUc,,,,,,,,,,,,2021-06-03T04:19:01+00:00,FAV SONGS-videos.csv,Playlist,1,No
s37x2VSZrLw,,,,,,,,,,,,2021-06-02T07:23:23+00:00,FAV SONGS-videos.csv,Playlist,1,No
BydBU2pCkU8,,,,,,,,,,,,2021-05-19T17:35:27+00:00,FAV SONGS-videos.csv,Playlist,1,No
fXw0jcYbqdo,,,,,,,,,,,,2021-05-18T11:11:04+00:00,FAV SONGS-videos.csv,Playlist,1,No
jqE8M2ZnFL8,,,,,,,,,,,,2021-05-06T10:59:03+00:00,FAV SONGS-videos.csv,Playlist,1,No
IzhxTa_xEfE,,,,,,,,,,,,2021-04-27T13:27:50+00:00,FAV SONGS-videos.csv,Playlist,1,No
y45lh8oBzOo,,,,,,,,,,,,2021-04-27T13:27:30+00:00,FAV SONGS-videos.csv,Playlist,1,No
N6l-QqL3TsY,,,,,,,,,,,,2021-04-14T16:14:43+00:00,FAV SONGS-videos.csv,Playlist,1,No
h9Am4CYaLng,,,,,,,,,,,,2021-04-14T12:07:53+00:00,FAV SONGS-videos.csv,Playlist,1,No
T3zBB0_38Uo,,,,,,,,,,,,2021-04-12T13:06:47+00:00,FAV SONGS-videos.csv,Playlist,1,No
9-yHEhKWh7w,,,,,,,,,,,,2021-04-05T11:40:05+00:00,FAV SONGS-videos.csv,Playlist,1,No
pOhowTxCxAU,,,,,,,,,,,,2021-04-03T03:25:56+00:00,FAV SONGS-videos.csv,Playlist,1,No
0CvxRVzSpS4,,,,,,,,,,,,2021-02-19T09:02:55+00:00,FAV SONGS-videos.csv,Playlist,1,No
qYS0EeaAUMw,,,,,,,,,,,,2021-02-18T16:21:06+00:00,FAV SONGS-videos.csv,Playlist,1,No
2S0QhGGO1gQ,,,,,,,,,,,,2021-02-16T19:44:50+00:00,FAV SONGS-videos.csv,Playlist,1,No
ApLzE-TLBYU,,,,,,,,,,,,2021-02-16T19:44:03+00:00,FAV SONGS-videos.csv,Playlist,1,No
-t5b7MrWENk,,,,,,,,,,,,2021-02-16T19:41:55+00:00,FAV SONGS-videos.csv,Playlist,1,No
wJVq_6DkavM,,,,,,,,,,,,2021-02-16T19:37:09+00:00,FAV SONGS-videos.csv,Playlist,1,No
_xuI60USDjw,,,,,,,,,,,,2021-02-16T19:32:41+00:00,FAV SONGS-videos.csv,Playlist,1,No
XmvRJowcXCI,,,,,,,,,,,,2021-02-16T19:31:55+00:00,FAV SONGS-videos.csv,Playlist,1,No
ox4tmEV6-QU,,,,,,,,,,,,2021-02-16T19:29:34+00:00,FAV SONGS-videos.csv,Playlist,1,No
qoq8B8ThgEM,,,,,,,,,,,,2021-02-15T13:16:12+00:00,FAV SONGS-videos.csv,Playlist,1,No
XgdY_s1LsZc,,,,,,,,,,,,2021-02-15T13:10:54+00:00,FAV SONGS-videos.csv,Playlist,1,No
SS3lIQdKP-A,,,,,,,,,,,,2021-02-15T13:01:04+00:00,FAV SONGS-videos.csv,Playlist,1,No
50VNCymT-Cs,,,,,,,,,,,,2021-02-12T09:23:37+00:00,FAV SONGS-videos.csv,Playlist,1,No
WkDbbb0Lyc4,,,,,,,,,,,,2021-02-10T17:56:36+00:00,FAV SONGS-videos.csv,Playlist,1,No
h5WN3pkxPF0,,,,,,,,,,,,2021-02-06T14:29:24+00:00,FAV SONGS-videos.csv,Playlist,1,No
91VRyTvjoX4,,,,,,,,,,,,2021-02-06T14:29:11+00:00,FAV SONGS-videos.csv,Playlist,1,No
T_mtTxmjpwc,,,,,,,,,,,,2021-01-25T08:19:35+00:00,FAV SONGS-videos.csv,Playlist,1,No
HIbzXaBdwZw,,,,,,,,,,,,2021-01-07T10:07:22+00:00,FAV SONGS-videos.csv,Playlist,1,No
XwxLwG2_Sxk,,,,,,,,,,,,2020-12-01T20:18:14+00:00,FAV SONGS-videos.csv,Playlist,1,No
Vt4Tq89R8u0,,,,,,,,,,,,2020-11-29T17:45:03+00:00,FAV SONGS-videos.csv,Playlist,1,No
4vUtXdXmnRE,,,,,,,,,,,,2020-10-25T07:17:27+00:00,FAV SONGS-videos.csv,Playlist,1,No
F-cO2CMue4Q,,,,,,,,,,,,2020-10-04T04:43:20+00:00,FAV SONGS-videos.csv,Playlist,1,No
aDBkbRmYFkI,,,,,,,,,,,,2020-10-02T04:12:58+00:00,FAV SONGS-videos.csv,Playlist,1,No
Hn4sfC2PbhI,,,,,,,,,,,,2020-09-23T12:13:37+00:00,FAV SONGS-videos.csv,Playlist,1,No
8RvAKRoIDqU,,,,,,,,,,,,2020-09-21T16:23:21+00:00,FAV SONGS-videos.csv,Playlist,1,No
3eEFVERNgjQ,,,,,,,,,,,,2020-09-04T10:24:01+00:00,FAV SONGS-videos.csv,Playlist,1,No
piOIvNO2M8Q,,,,,,,,,,,,2020-08-12T16:34:12+00:00,FAV SONGS-videos.csv,Playlist,1,No
8N_Yro5QeCE,,,,,,,,,,,,2020-08-12T12:04:23+00:00,FAV SONGS-videos.csv,Playlist,1,No
8PH9NgaVqI8,,,,,,,,,,,,2020-08-08T18:31:41+00:00,FAV SONGS-videos.csv,Playlist,1,No
WNeLUngb-Xg,,,,,,,,,,,,2020-08-04T04:31:33+00:00,FAV SONGS-videos.csv,Playlist,1,No
ApXoWvfEYVU,,,,,,,,,,,,2020-08-01T11:25:10+00:00,FAV SONGS-videos.csv,Playlist,1,No
mx5V67ssor4,,,,,,,,,,,,2020-07-30T18:32:46+00:00,FAV SONGS-videos.csv,Playlist,1,No
ehZFyxRbyd0,,,,,,,,,,,,2020-07-30T18:12:08+00:00,FAV SONGS-videos.csv,Playlist,1,No
0aUav1lx3rA,,,,,,,,,,,,2020-07-30T18:11:57+00:00,FAV SONGS-videos.csv,Playlist,1,No
HkjaFXNEcvE,,,,,,,,,,,,2020-07-30T18:11:49+00:00,FAV SONGS-videos.csv,Playlist,1,No
yrYxt1FZYgA,,,,,,,,,,,,2020-07-30T17:38:19+00:00,FAV SONGS-videos.csv,Playlist,1,No
CjjeaMBq6nc,,,,,,,,,,,,2020-07-30T17:31:49+00:00,FAV SONGS-videos.csv,Playlist,1,No
H1YCS98UiuY,,,,,,,,,,,,2020-07-30T17:30:04+00:00,FAV SONGS-videos.csv,Playlist,1,No
oKuhRPtwm9M,,,,,,,,,,,,2020-07-13T08:24:11+00:00,FAV SONGS-videos.csv,Playlist,1,No
Nujjj_atzJA,,,,,,,,,,,,2020-06-26T03:59:42+00:00,FAV SONGS-videos.csv,Playlist,2,Yes
BDtDmVXUdP0,,,,,,,,,,,,2020-06-25T18:07:10+00:00,FAV SONGS-videos.csv,Playlist,1,No
uLIvpzsZhi0,,,,,,,,,,,,2020-05-29T04:40:30+00:00,FAV SONGS-videos.csv,Playlist,1,No
TWPqyRAaPkc,,,,,,,,,,,,2020-05-28T07:56:05+00:00,FAV SONGS-videos.csv,Playlist,1,No
6jJD_bXymR0,,,,,,,,,,,,2020-04-20T16:48:22+00:00,FAV SONGS-videos.csv,Playlist,1,No
tg00YEETFzg,,,,,,,,,,,,2020-04-18T17:42:13+00:00,FAV SONGS-videos.csv,Playlist,1,No
WimehEscNCI,,,,,,,,,,,,2020-04-18T11:17:32+00:00,FAV SONGS-videos.csv,Playlist,1,No
91dr6s9LrVw,,,,,,,,,,,,2020-04-10T06:43:12+00:00,FAV SONGS-videos.csv,Playlist,1,No
cds3Vdlgdzs,,,,,,,,,,,,2020-04-09T16:04:59+00:00,FAV SONGS-videos.csv,Playlist,2,Yes
WmqFvL93ofY,,,,,,,,,,,,2020-04-06T12:25:01+00:00,FAV SONGS-videos.csv,Playlist,2,Yes
voQ4rfKI4iE,,,,,,,,,,,,2020-02-15T20:55:57+00:00,FAV SONGS-videos.csv,Playlist,1,No
WnU0lH6C0EA,,,,,,,,,,,,2020-02-15T20:53:04+00:00,FAV SONGS-videos.csv,Playlist,1,No
mkI9ibVMIbk,,,,,,,,,,,,2020-02-10T02:13:10+00:00,FAV SONGS-videos.csv,Playlist,1,No
aZla1ttZHaw,,,,,,,,,,,,2019-12-01T19:39:20+00:00,FAV SONGS-videos.csv,Playlist,1,No
7DOzITFjq70,,,,,,,,,,,,2019-12-01T19:29:44+00:00,FAV SONGS-videos.csv,Playlist,1,No
uMTGcwZxdGg,,,,,,,,,,,,2019-12-01T17:20:56+00:00,FAV SONGS-videos.csv,Playlist,1,No
anNBvqzzbBk,,,,,,,,,,,,2019-12-01T17:16:40+00:00,FAV SONGS-videos.csv,Playlist,1,No
nsy6gKGkNDU,,,,,,,,,,,,2019-12-01T17:14:37+00:00,FAV SONGS-videos.csv,Playlist,1,No
W-w3WfgpcGg,,,,,,,,,,,,2019-11-21T12:15:43+00:00,FAV SONGS-videos.csv,Playlist,1,No
UqyT8IEBkvY,,,,,,,,,,,,2019-11-20T15:20:18+00:00,FAV SONGS-videos.csv,Playlist,1,No
gEV_Po7PeIY,,,,,,,,,,,,2019-11-20T15:20:04+00:00,FAV SONGS-videos.csv,Playlist,1,No
iywaBOMvYLI,,,,,,,,,,,,2019-11-18T14:48:53+00:00,FAV SONGS-videos.csv,Playlist,1,No
TWa2jXqopVY,,,,,,,,,,,,2019-11-16T06:13:10+00:00,FAV SONGS-videos.csv,Playlist,1,No
-FyjEnoIgTM,,,,,,,,,,,,2019-11-14T05:19:31+00:00,FAV SONGS-videos.csv,Playlist,1,No
SR6iYWJxHqs,,,,,,,,,,,,2019-11-14T05:11:30+00:00,FAV SONGS-videos.csv,Playlist,1,No
ekzHIouo8Q4,,,,,,,,,,,,2019-11-14T05:00:59+00:00,FAV SONGS-videos.csv,Playlist,1,No
oVSHtf2Tb-E,,,,,,,,,,,,2019-11-09T15:53:02+00:00,FAV SONGS-videos.csv,Playlist,1,No
PYI0E_Wr1gM,,,,,,,,,,,,2019-11-03T16:06:55+00:00,FAV SONGS-videos.csv,Playlist,1,No
NrI-UBIB8Jk,,,,,,,,,,,,2019-11-01T13:05:46+00:00,FAV SONGS-videos.csv,Playlist,1,No
YDR3K3gVHeY,,,,,,,,,,,,2019-11-01T13:01:17+00:00,FAV SONGS-videos.csv,Playlist,1,No
bjwJ_ysRYU4,,,,,,,,,,,,2019-10-28T09:05:03+00:00,FAV SONGS-videos.csv,Playlist,1,No
tzW0hqPbQ30,,,,,,,,,,,,2019-10-20T16:58:27+00:00,FAV SONGS-videos.csv,Playlist,1,No
6oQ5AXLCk-U,,,,,,,,,,,,2019-10-10T17:10:12+00:00,FAV SONGS-videos.csv,Playlist,1,No
r33-nCl8ZmM,,,,,,,,,,,,2019-10-10T07:12:23+00:00,FAV SONGS-videos.csv,Playlist,1,No
UjnDpcgJXvA,,,,,,,,,,,,2019-10-04T04:45:35+00:00,FAV SONGS-videos.csv,Playlist,1,No
k7jeYJA9bgY,,,,,,,,,,,,2019-10-04T04:42:33+00:00,FAV SONGS-videos.csv,Playlist,1,No
DK_UsATwoxI,,,,,,,,,,,,2019-10-01T15:38:57+00:00,FAV SONGS-videos.csv,Playlist,1,No
c2gSzYLJ8sY,,,,,,,,,,,,2019-09-25T12:51:13+00:00,FAV SONGS-videos.csv,Playlist,1,No
HJb0VYVtaNc,,,,,,,,,,,,2019-08-26T07:31:35+00:00,FAV SONGS-videos.csv,Playlist,1,No
U0V1y2p1sgs,,,,,,,,,,,,2019-08-10T13:49:36+00:00,FAV SONGS-videos.csv,Playlist,1,No
DLch6glos-U,,,,,,,,,,,,2019-07-26T05:27:01+00:00,FAV SONGS-videos.csv,Playlist,1,No
uc4gk8NLeFs,,,,,,,,,,,,2019-07-25T15:34:58+00:00,FAV SONGS-videos.csv,Playlist,1,No
9picrMS830c,,,,,,,,,,,,2019-07-25T15:30:24+00:00,FAV SONGS-videos.csv,Playlist,1,No
MVY7hhI3pKA,,,,,,,,,,,,2019-07-25T15:27:18+00:00,FAV SONGS-videos.csv,Playlist,1,No
kOn-HdEg6AQ,,,,,,,,,,,,2019-07-24T17:57:17+00:00,FAV SONGS-videos.csv,Playlist,1,No
RBumgq5yVrA,,,,,,,,,,,,2019-07-24T17:46:47+00:00,FAV SONGS-videos.csv,Playlist,1,No
4-5WwgTnXnA,,,,,,,,,,,,2019-07-24T17:41:16+00:00,FAV SONGS-videos.csv,Playlist,1,No
hT_nvWreIhg,,,,,,,,,,,,2019-07-24T17:33:40+00:00,FAV SONGS-videos.csv,Playlist,1,No
1G4isv_Fylg,,,,,,,,,,,,2019-07-24T17:33:33+00:00,FAV SONGS-videos.csv,Playlist,1,No
muvpijiRnRc,,,,,,,,,,,,2019-07-20T04:13:46+00:00,FAV SONGS-videos.csv,Playlist,1,No
22bK0C2obFc,,,,,,,,,,,,2019-07-20T04:09:53+00:00,FAV SONGS-videos.csv,Playlist,1,No
DwUOkbYLnCQ,,,,,,,,,,,,2019-07-20T04:06:17+00:00,FAV SONGS-videos.csv,Playlist,1,No
5bpF60IuD9Y,,,,,,,,,,,,2019-07-20T03:58:33+00:00,FAV SONGS-videos.csv,Playlist,2,Yes
zgCveCj7a5U,,,,,,,,,,,,2019-07-20T03:57:21+00:00,FAV SONGS-videos.csv,Playlist,1,No
vGJTaP6anOU,,,,,,,,,,,,2019-07-20T03:54:07+00:00,FAV SONGS-videos.csv,Playlist,1,No
TolSJT-tRoU,,,,,,,,,,,,2019-07-20T03:52:29+00:00,FAV SONGS-videos.csv,Playlist,2,Yes
VMtarj8Ua0s,,,,,,,,,,,,2019-07-20T03:44:56+00:00,FAV SONGS-videos.csv,Playlist,1,No
feK1yiN_86I,,,,,,,,,,,,2019-07-19T12:45:44+00:00,FAV SONGS-videos.csv,Playlist,1,No
xitd9mEZIHk,,,,,,,,,,,,2019-07-14T12:21:32+00:00,FAV SONGS-videos.csv,Playlist,1,No
Px1h_6McybM,,,,,,,,,,,,2019-06-21T15:47:41+00:00,FAV SONGS-videos.csv,Playlist,1,No
pkHMJ-oSu10,,,,,,,,,,,,2019-06-16T09:12:50+00:00,FAV SONGS-videos.csv,Playlist,1,No
UGBfAwGUgz8,,,,,,,,,,,,2019-05-24T12:45:17+00:00,FAV SONGS-videos.csv,Playlist,1,No
jgYl4hZacx0,,,,,,,,,,,,2019-05-24T06:20:29+00:00,FAV SONGS-videos.csv,Playlist,1,No
1uBQsIpY-n0,,,,,,,,,,,,2019-05-22T20:16:53+00:00,FAV SONGS-videos.csv,Playlist,1,No
L3ymBk6Vb04,,,,,,,,,,,,2019-04-26T08:03:42+00:00,FAV SONGS-videos.csv,Playlist,1,No
pvuN_WvF1to,,,,,,,,,,,,2019-04-21T14:04:04+00:00,FAV SONGS-videos.csv,Playlist,1,No
-J_OAWu1pHg,,,,,,,,,,,,2019-03-16T15:22:43+00:00,FAV SONGS-videos.csv,Playlist,1,No
s20Lsy-_u-o,,,,,,,,,,,,2019-02-23T21:18:37+00:00,FAV SONGS-videos.csv,Playlist,1,No
_CL6n0FJZpk,,,,,,,,,,,,2019-02-02T06:52:33+00:00,FAV SONGS-videos.csv,Playlist,1,No
RuIK2wCoy5A,,,,,,,,,,,,2019-02-01T19:17:49+00:00,FAV SONGS-videos.csv,Playlist,1,No
XQec7eZ7P6o,,,,,,,,,,,,2019-02-01T19:17:34+00:00,FAV SONGS-videos.csv,Playlist,1,No
8ofCZObsnOo,,,,,,,,,,,,2019-02-01T19:17:09+00:00,FAV SONGS-videos.csv,Playlist,1,No
wjbAsm48oTA,,,,,,,,,,,,2019-02-01T15:40:04+00:00,FAV SONGS-videos.csv,Playlist,1,No
u1yVCeXYya4,,,,,,,,,,,,2019-02-01T12:27:44+00:00,FAV SONGS-videos.csv,Playlist,1,No
MGCJQeXF2yM,,,,,,,,,,,,2019-02-01T12:24:58+00:00,FAV SONGS-videos.csv,Playlist,1,No
uuZE_IRwLNI,,,,,,,,,,,,2019-02-01T12:23:28+00:00,FAV SONGS-videos.csv,Playlist,1,No
T4cdfRohhcg,,,,,,,,,,,,2019-02-01T12:20:53+00:00,FAV SONGS-videos.csv,Playlist,1,No
VT1-sitWRtY,,,,,,,,,,,,2019-02-01T12:19:38+00:00,FAV SONGS-videos.csv,Playlist,1,No
DxX37fyx_58,,,,,,,,,,,,2019-02-01T12:19:26+00:00,FAV SONGS-videos.csv,Playlist,1,No
1bvYHkQxWmg,,,,,,,,,,,,2019-02-01T12:18:18+00:00,FAV SONGS-videos.csv,Playlist,1,No
Q33DvcjXA7M,,,,,,,,,,,,2019-02-01T12:16:46+00:00,FAV SONGS-videos.csv,Playlist,1,No
tMAbBNXreJs,,,,,,,,,,,,2019-01-26T19:37:33+00:00,FAV SONGS-videos.csv,Playlist,1,No
7rsRobbuVHc,,,,,,,,,,,,2019-01-15T07:56:39+00:00,FAV SONGS-videos.csv,Playlist,1,No
EEhZAHZQyf4,,,,,,,,,,,,2018-11-16T14:12:33+00:00,FAV SONGS-videos.csv,Playlist,1,No
D-um6b_v8Bs,,,,,,,,,,,,2018-11-16T14:12:26+00:00,FAV SONGS-videos.csv,Playlist,1,No
kN0iD0pI3o0,,,,,,,,,,,,2018-11-16T14:12:19+00:00,FAV SONGS-videos.csv,Playlist,1,No
77RmU8QcM4k,,,,,,,,,,,,2018-11-16T14:12:06+00:00,FAV SONGS-videos.csv,Playlist,1,No
vIaH35-MLsk,,,,,,,,,,,,2018-11-11T17:00:02+00:00,FAV SONGS-videos.csv,Playlist,1,No
lmc21V-zBq0,,,,,,,,,,,,2018-11-08T16:11:02+00:00,FAV SONGS-videos.csv,Playlist,1,No
LcIsOnNOlEQ,,,,,,,,,,,,2018-05-19T18:22:53+00:00,FAV SONGS-videos.csv,Playlist,1,No
8TMljz7W-r8,,,,,,,,,,,,2018-05-19T18:22:33+00:00,FAV SONGS-videos.csv,Playlist,1,No
OX-h7MtkeOI,,,,,,,,,,,,2018-05-18T18:18:03+00:00,FAV SONGS-videos.csv,Playlist,1,No
1I2aa1sf5NA,,,,,,,,,,,,2018-05-18T11:52:23+00:00,FAV SONGS-videos.csv,Playlist,1,No
NzOzRiEW0mU,,,,,,,,,,,,2018-05-18T11:51:11+00:00,FAV SONGS-videos.csv,Playlist,1,No
GYFDRoJtfGM,,,,,,,,,,,,2018-05-18T11:50:56+00:00,FAV SONGS-videos.csv,Playlist,1,No
ImnYPjOd1Tw,,,,,,,,,,,,2018-05-18T11:50:29+00:00,FAV SONGS-videos.csv,Playlist,1,No
CIBmVXteOcI,,,,,,,,,,,,2025-06-22T17:03:15+00:00,HOME SETUP-videos.csv,Playlist,1,No
vi_cIuxDpcA,,,,,,,,,,,,2025-03-24T09:47:28+00:00,HOME SETUP-videos.csv,Playlist,1,No
QbWIXhUPU7k,,,,,,,,,,,,2025-06-23T14:15:21+00:00,HOME SETUP-videos.csv,Playlist,1,No
Vp4glSVPT8o,,,,,,,,,,,,2025-06-22T15:55:41+00:00,HOME SETUP-videos.csv,Playlist,1,No
UtLyX72-688,,,,,,,,,,,,2025-06-22T15:55:34+00:00,HOME SETUP-videos.csv,Playlist,1,No
3hFas54xFtg,,,,,,,,,,,,2025-06-23T10:11:53+00:00,HOME SETUP-videos.csv,Playlist,1,No
6ahtCpIoWU4,,,,,,,,,,,,2025-06-22T16:58:00+00:00,HOME SETUP-videos.csv,Playlist,1,No
l30sADfDiM8,,,,,,,,,,,,2025-06-22T15:55:24+00:00,HOME SETUP-videos.csv,Playlist,1,No
ykhaXo6m-04,,,,,,,,,,,,2025-06-22T17:03:03+00:00,HOME SETUP-videos.csv,Playlist,1,No
9C7UGogyTWo,,,,,,,,,,,,2025-06-23T14:14:43+00:00,HOME SETUP-videos.csv,Playlist,1,No
IuRWqzfX1ik,,,,,,,,,,,,2025-01-04T17:47:23+00:00,HOME SETUP-videos.csv,Playlist,1,No
hAdDtbNMYPM,,,,,,,,,,,,2023-08-15T10:05:05+00:00,HOME SETUP-videos.csv,Playlist,1,No
amVP96OYfUg,,,,,,,,,,,,2025-06-23T13:45:51+00:00,HOME SETUP-videos.csv,Playlist,1,No
LBtEJ-iQbeg,,,,,,,,,,,,2023-02-07T18:25:57+00:00,HOME SETUP-videos.csv,Playlist,1,No
7cNugK6IRUc,,,,,,,,,,,,2023-01-31T04:43:08+00:00,HOME SETUP-videos.csv,Playlist,1,No
1EIFfln3Kxs,,,,,,,,,,,,2023-01-09T11:27:14+00:00,HOME SETUP-videos.csv,Playlist,1,No
R-UNiHY7YoQ,,,,,,,,,,,,2022-12-04T07:42:34+00:00,HOME SETUP-videos.csv,Playlist,1,No
DSKOg3KpTic,,,,,,,,,,,,2022-11-15T09:25:14+00:00,HOME SETUP-videos.csv,Playlist,1,No
_IzyJTcnPu8,,,,,,,,,,,,2022-11-08T20:25:12+00:00,HOME SETUP-videos.csv,Playlist,1,No
RZ8ijmy3qPo,,,,,,,,,,,,2023-09-13T18:38:48+00:00,HOME SETUP-videos.csv,Playlist,1,No
8dEIy1YXJ4A,,,,,,,,,,,,2023-01-16T12:47:53+00:00,HOME SETUP-videos.csv,Playlist,1,No
mXu8xst6L-g,,,,,,,,,,,,2023-01-11T10:26:43+00:00,HOME SETUP-videos.csv,Playlist,1,No
RKy9ZCPS6ZU,,,,,,,,,,,,2023-01-24T03:33:58+00:00,HOME SETUP-videos.csv,Playlist,1,No
jf_5FaVFnrU,,,,,,,,,,,,2025-06-22T16:57:52+00:00,HOME SETUP-videos.csv,Playlist,1,No
Ti8scviDiYc,,,,,,,,,,,,2023-01-16T12:56:46+00:00,HOME SETUP-videos.csv,Playlist,1,No
VjQWmLrhmoI,,,,,,,,,,,,2023-01-11T10:54:22+00:00,HOME SETUP-videos.csv,Playlist,1,No
Yq9NtTS90AE,,,,,,,,,,,,2023-01-11T10:25:45+00:00,HOME SETUP-videos.csv,Playlist,1,No
sO4w2lwq-EY,,,,,,,,,,,,2023-01-16T12:55:48+00:00,HOME SETUP-videos.csv,Playlist,1,No
Ryij01EbQkI,,,,,,,,,,,,2023-01-16T12:55:18+00:00,HOME SETUP-videos.csv,Playlist,1,No
DJPsDSi0vtA,,,,,,,,,,,,2023-01-16T12:55:09+00:00,HOME SETUP-videos.csv,Playlist,1,No
boKmZKTKXHc,,,,,,,,,,,,2023-01-16T12:50:56+00:00,HOME SETUP-videos.csv,Playlist,1,No
am7xT-zU1Q0,,,,,,,,,,,,2023-01-11T10:25:56+00:00,HOME SETUP-videos.csv,Playlist,1,No
xBEUcRaYJek,,,,,,,,,,,,2023-01-16T12:50:25+00:00,HOME SETUP-videos.csv,Playlist,1,No
CcRwT7iHIcc,,,,,,,,,,,,2022-12-25T19:18:52+00:00,HOME SETUP-videos.csv,Playlist,1,No
zfBHD4v8hD0,,,,,,,,,,,,2023-05-27T12:13:25+00:00,HOME SETUP-videos.csv,Playlist,2,Yes
mpxBmxj5mP0,,,,,,,,,,,,2023-01-01T13:04:41+00:00,HOME SETUP-videos.csv,Playlist,1,No
g0mS1z8Hmhw,,,,,,,,,,,,2023-09-12T18:09:24+00:00,HOME SETUP-videos.csv,Playlist,1,No
O5ifTks4w4U,,,,,,,,,,,,2023-01-02T09:19:55+00:00,HOME SETUP-videos.csv,Playlist,1,No
CouxmNqxO4A,,,,,,,,,,,,2023-01-02T09:16:14+00:00,HOME SETUP-videos.csv,Playlist,1,No
_RlxCc0M6Ko,,,,,,,,,,,,2022-11-08T16:42:42+00:00,HOME SETUP-videos.csv,Playlist,1,No
e3fnsGHe8eE,,,,,,,,,,,,2023-01-02T09:16:34+00:00,HOME SETUP-videos.csv,Playlist,1,No
bHzxdWpWhW4,,,,,,,,,,,,2026-04-06T16:21:11+00:00,Health-videos.csv,Playlist,1,No
AzV3EA-1-yM,,,,,,,,,,,,2026-07-14T13:48:32+00:00,Health-videos.csv,Playlist,1,No
qaeHKoq_CLM,,,,,,,,,,,,2025-07-29T15:35:01+00:00,MARVEL-videos.csv,Playlist,1,No
EfuOrO3_kKU,,,,,,,,,,,,2025-05-18T12:24:01+00:00,MARVEL-videos.csv,Playlist,1,No
INjLWeHVxwc,,,,,,,,,,,,2024-06-22T07:57:43+00:00,MARVEL-videos.csv,Playlist,1,No
AVqJou2ngpM,,,,,,,,,,,,2023-01-20T13:13:49+00:00,MARVEL-videos.csv,Playlist,2,Yes
NCe8NUK4BjQ,,,,,,,,,,,,2023-12-11T03:24:55+00:00,MARVEL-videos.csv,Playlist,1,No
4yKsIdr_PNU,,,,,,,,,,,,2023-12-11T03:24:28+00:00,MARVEL-videos.csv,Playlist,1,No
f64oLKeP_AM,,,,,,,,,,,,2020-07-30T17:22:06+00:00,MARVEL-videos.csv,Playlist,1,No
kg4Na-RbSrA,,,,,,,,,,,,2019-11-18T14:49:04+00:00,MARVEL-videos.csv,Playlist,1,No
ZRIROmEZbW4,,,,,,,,,,,,2022-02-23T18:48:20+00:00,MARVEL-videos.csv,Playlist,1,No
tEg2JWzskmw,,,,,,,,,,,,2023-01-20T13:12:05+00:00,MARVEL-videos.csv,Playlist,2,Yes
5bpF60IuD9Y,,,,,,,,,,,,2023-01-20T13:16:15+00:00,MARVEL-videos.csv,Playlist,2,Yes
0jNvJU52LvU,,,,,,,,,,,,2022-11-29T19:34:25+00:00,MARVEL-videos.csv,Playlist,1,No
l4NZfQVkyNo,,,,,,,,,,,,2022-02-23T18:51:20+00:00,MARVEL-videos.csv,Playlist,1,No
_bWpt7KqTW0,,,,,,,,,,,,2022-02-23T18:32:42+00:00,MARVEL-videos.csv,Playlist,1,No
gfq7Eb7jfJ8,,,,,,,,,,,,2020-07-30T17:21:30+00:00,MARVEL-videos.csv,Playlist,1,No
eQIbuDVXZHA,,,,,,,,,,,,2022-02-23T18:23:49+00:00,MARVEL-videos.csv,Playlist,1,No
dEk-M-dcwXo,,,,,,,,,,,,2022-11-29T19:34:34+00:00,MARVEL-videos.csv,Playlist,1,No
PA4x8woMFSs,,,,,,,,,,,,2023-01-20T13:13:05+00:00,MARVEL-videos.csv,Playlist,2,Yes
sS5ezZsv2Fc,,,,,,,,,,,,2022-02-23T18:32:08+00:00,MARVEL-videos.csv,Playlist,1,No
wL6jh9thk8Q,,,,,,,,,,,,2023-01-20T13:11:01+00:00,MARVEL-videos.csv,Playlist,1,No
23gr_kfmQ1o,,,,,,,,,,,,2023-01-20T13:13:11+00:00,MARVEL-videos.csv,Playlist,2,Yes
nVmXsBNfwHY,,,,,,,,,,,,2024-02-03T05:42:37+00:00,MARVEL-videos.csv,Playlist,1,No
mnWtCkdzFIQ,,,,,,,,,,,,2023-01-20T13:09:48+00:00,MARVEL-videos.csv,Playlist,1,No
TxtvogVepSg,,,,,,,,,,,,2023-01-20T13:11:59+00:00,MARVEL-videos.csv,Playlist,2,Yes
D_Vg4uyYwEk,,,,,,,,,,,,2023-12-08T18:12:54+00:00,MARVEL-videos.csv,Playlist,1,No
XWi01eJIUtY,,,,,,,,,,,,2019-06-22T05:41:23+00:00,MARVEL-videos.csv,Playlist,1,No
3CvsHZItC0A,,,,,,,,,,,,2025-11-07T08:05:22+00:00,PROJECTS-videos.csv,Playlist,1,No
CMEWVn1uZpQ,,,,,,,,,,,,2025-05-29T17:13:21+00:00,PROJECTS-videos.csv,Playlist,1,No
8pn9KEuXG28,,,,,,,,,,,,2025-07-27T09:19:22+00:00,PROJECTS-videos.csv,Playlist,1,No
dllIBXa0nlE,,,,,,,,,,,,2025-04-23T15:01:23+00:00,PROJECTS-videos.csv,Playlist,1,No
6fXNWBFPfRM,,,,,,,,,,,,2025-04-17T02:34:31+00:00,PROJECTS-videos.csv,Playlist,1,No
QVGVL3AGmxk,,,,,,,,,,,,2025-04-17T02:34:43+00:00,PROJECTS-videos.csv,Playlist,1,No
4h4R7JL-h10,,,,,,,,,,,,2025-04-17T02:35:00+00:00,PROJECTS-videos.csv,Playlist,1,No
aamk2isgLRk,,,,,,,,,,,,2025-04-17T02:35:24+00:00,PROJECTS-videos.csv,Playlist,1,No
RkwbGuL-dzo,,,,,,,,,,,,2025-04-17T02:35:40+00:00,PROJECTS-videos.csv,Playlist,1,No
oKIThIihv60,,,,,,,,,,,,2024-02-02T15:06:09+00:00,PROJECTS-videos.csv,Playlist,1,No
vqXLGX0szIQ,,,,,,,,,,,,2025-08-11T13:28:52+00:00,PROJECTS-videos.csv,Playlist,1,No
k_V5VvYSlS4,,,,,,,,,,,,2023-11-21T16:05:32+00:00,PROJECTS-videos.csv,Playlist,1,No
DPqiIzK97K0,,,,,,,,,,,,2023-11-08T18:56:37+00:00,PROJECTS-videos.csv,Playlist,1,No
3hqawL0xVxo,,,,,,,,,,,,2025-07-27T09:19:10+00:00,PROJECTS-videos.csv,Playlist,1,No
2LhoCfjm8R4,,,,,,,,,,,,2023-09-27T04:40:14+00:00,PROJECTS-videos.csv,Playlist,1,No
FylHa4_neOA,,,,,,,,,,,,2026-01-16T12:11:55+00:00,Personal-videos.csv,Playlist,1,No
taPJ2fvSzKY,,,,,,,,,,,,2025-10-19T09:56:53+00:00,Personal-videos.csv,Playlist,1,No
ooMKNswME18,,,,,,,,,,,,2026-05-11T16:34:28+00:00,Personal-videos.csv,Playlist,1,No
wlCYE2un1dQ,,,,,,,,,,,,2026-05-21T14:02:26+00:00,Personal-videos.csv,Playlist,1,No
nLuiWAx19Z8,,,,,,,,,,,,2026-05-27T08:17:30+00:00,Personal-videos.csv,Playlist,1,No
RwH2UzC2rIo,,,,,,,,,,,,2025-07-27T09:00:10+00:00,Python-videos.csv,Playlist,1,No
fM4O9bModsE,,,,,,,,,,,,2025-07-27T09:00:26+00:00,Python-videos.csv,Playlist,1,No
QI9EczPQzPQ,,,,,,,,,,,,2025-08-03T06:53:20+00:00,Python-videos.csv,Playlist,1,No
oAkLSJNr5zY,,,,,,,,,,,,2025-08-27T05:48:56+00:00,Python-videos.csv,Playlist,1,No
85cQy2aeD44,,,,,,,,,,,,2025-08-27T05:49:04+00:00,Python-videos.csv,Playlist,1,No
EI1gLCvdX_U,,,,,,,,,,,,2025-08-27T05:49:11+00:00,Python-videos.csv,Playlist,1,No
IuZk3j-D_C0,,,,,,,,,,,,2025-08-27T05:49:24+00:00,Python-videos.csv,Playlist,1,No
joCFbTJt0o0,,,,,,,,,,,,2025-08-03T09:42:12+00:00,Quick interests-videos.csv,Playlist,1,No
qP7LzZqGh30,,,,,,,,,,,,2025-08-03T09:37:22+00:00,Quick interests-videos.csv,Playlist,1,No
IJkYipYNEtI,,,,,,,,,,,,2025-08-03T09:37:17+00:00,Quick interests-videos.csv,Playlist,1,No
c8_tafixiAs,,,,,,,,,,,,2025-08-03T09:35:43+00:00,Quick interests-videos.csv,Playlist,1,No
QGXUUXy0AMw,,,,,,,,,,,,2023-12-16T05:03:30+00:00,REACT-videos.csv,Playlist,1,No
RG-3R6Pu_Ik,,,,,,,,,,,,2023-12-16T05:03:22+00:00,REACT-videos.csv,Playlist,1,No
bL3P9CqQkKw,,,,,,,,,,,,2023-11-14T15:39:46+00:00,REACT-videos.csv,Playlist,1,No
e4en8kRqwe8,,,,,,,,,,,,2023-11-14T15:38:04+00:00,REACT-videos.csv,Playlist,1,No
0iy_UBRY8ts,,,,,,,,,,,,2026-08-30T13:33:48+00:00,WL-videos.csv,Playlist,1,No
sVcwVQRHIc8,,,,,,,,,,,,2026-08-30T13:33:59+00:00,WL-videos.csv,Playlist,1,No
876aSEUA_8c,,,,,,,,,,,,2026-08-30T13:34:10+00:00,WL-videos.csv,Playlist,1,No
x7u2c0DhWEU,,,,,,,,,,,,2026-08-30T13:34:21+00:00,WL-videos.csv,Playlist,1,No
_4uQI4ihGVU,,,,,,,,,,,,2026-08-30T13:34:29+00:00,WL-videos.csv,Playlist,1,No
pIGRwMjhMaQ,,,,,,,,,,,,2026-08-30T13:34:47+00:00,WL-videos.csv,Playlist,2,Yes
pIGRwMjhMaQ,,,,,,,,,,,,2026-08-30T13:34:48+00:00,WL-videos.csv,Playlist,2,Yes
tLMViADvSNE,,,,,,,,,,,,2026-08-30T13:34:56+00:00,WL-videos.csv,Playlist,1,No
Q7AYc2kECDI,,,,,,,,,,,,2026-08-30T13:35:05+00:00,WL-videos.csv,Playlist,1,No
_oDpUs65OiA,,,,,,,,,,,,2026-08-30T13:35:13+00:00,WL-videos.csv,Playlist,1,No
grEKMHGYyns,,,,,,,,,,,,2026-08-30T13:35:21+00:00,WL-videos.csv,Playlist,1,No
eIrMbAQSU34,,,,,,,,,,,,2026-08-30T13:35:28+00:00,WL-videos.csv,Playlist,1,No
rjjES5IsPdg,,,,,,,,,,,,2026-08-30T13:35:40+00:00,WL-videos.csv,Playlist,1,No
9zUHg7xjIqQ,,,,,,,,,,,,2026-08-30T13:35:47+00:00,WL-videos.csv,Playlist,1,No
pPqazMTzNOM,,,,,,,,,,,,2026-08-30T13:35:53+00:00,WL-videos.csv,Playlist,1,No
yK1uBHPdp30,,,,,,,,,,,,2026-08-30T13:35:59+00:00,WL-videos.csv,Playlist,1,No
4XTsAAHW_Tc,,,,,,,,,,,,2026-08-30T13:36:14+00:00,WL-videos.csv,Playlist,1,No
-Fe0zk-F4OA,,,,,,,,,,,,2026-08-30T13:38:10+00:00,WL-videos.csv,Playlist,1,No
R8h_gpSpEVU,,,,,,,,,,,,2026-08-30T13:38:18+00:00,WL-videos.csv,Playlist,1,No
-LVmKNvflnY,,,,,,,,,,,,2026-08-30T13:38:26+00:00,WL-videos.csv,Playlist,1,No
BpPEoZW5IiY,,,,,,,,,,,,2026-08-30T13:38:50+00:00,WL-videos.csv,Playlist,1,No
87SH2Cn0s9A,,,,,,,,,,,,2026-08-30T13:39:19+00:00,WL-videos.csv,Playlist,1,No
KJgsSFOSQv0,,,,,,,,,,,,2026-08-30T13:39:26+00:00,WL-videos.csv,Playlist,1,No
8uiZC0l4Ajw,,,,,,,,,,,,2026-08-30T13:39:32+00:00,WL-videos.csv,Playlist,1,No
PaPN51Mm5qQ,,,,,,,,,,,,2026-08-30T13:39:39+00:00,WL-videos.csv,Playlist,2,Yes
PaPN51Mm5qQ,,,,,,,,,,,,2026-08-30T13:39:45+00:00,WL-videos.csv,Playlist,2,Yes
ArPtN3RrD9k,,,,,,,,,,,,2026-08-30T06:32:04+00:00,Watch later-videos.csv,Playlist,1,No
J7p4bzqLvCw,,,,,,,,,,,,2026-07-12T08:08:13+00:00,weekend-videos.csv,Playlist,3,Yes
qPRNIHxLhmc,,,,,,,,,,,,2026-07-12T08:08:13+00:00,weekend-videos.csv,Playlist,3,Yes
atGlHRi0n4A,,,,,,,,,,,,2026-07-12T08:08:13+00:00,weekend-videos.csv,Playlist,1,No
lS9Kgp6PsWY,,,,,,,,,,,,2026-07-12T08:08:13+00:00,weekend-videos.csv,Playlist,1,No
iaYxi752yHs,,,,,,,,,,,,2026-07-12T08:08:13+00:00,weekend-videos.csv,Playlist,1,No
GfiJowcJiVw,,,,,,,,,,,,2026-07-12T08:08:13+00:00,weekend-videos.csv,Playlist,3,Yes
a40tAP5MC6M,,,,,,,,,,,,2026-07-12T08:08:13+00:00,weekend-videos.csv,Playlist,3,Yes
alpjfK5VuNY,,,,,,,,,,,,2026-07-12T08:08:13+00:00,weekend-videos.csv,Playlist,1,No
KMZYqDKsKIc,,,,,,,,,,,,2026-07-12T08:08:13+00:00,weekend-videos.csv,Playlist,3,Yes
r-xaK0LWTZ4,,,,,,,,,,,,2026-07-12T08:08:13+00:00,weekend-videos.csv,Playlist,1,No
GliLQ3CnTK8,,,,,,,,,,,,2026-07-12T08:08:13+00:00,weekend-videos.csv,Playlist,1,No
a1PkVEHV-w8,,,,,,,,,,,,2026-07-12T08:08:13+00:00,weekend-videos.csv,Playlist,1,No
FL-0pJsDz7k,,,,,,,,,,,,2026-07-12T08:08:13+00:00,weekend-videos.csv,Playlist,1,No
SyhtTI-ck1c,,,,,,,,,,,,2026-07-12T08:08:13+00:00,weekend-videos.csv,Playlist,1,No
ricvj03PHSU,,,,,,,,,,,,2026-07-12T08:08:13+00:00,weekend-videos.csv,Playlist,1,No
peLRPSCeppI,,,,,,,,,,,,2026-07-12T08:08:13+00:00,weekend-videos.csv,Playlist,1,No
0lL5i0nk-GE,,,,,,,,,,,,2026-07-12T08:08:13+00:00,weekend-videos.csv,Playlist,1,No
2QcSvOSXTBc,,,,,,,,,,,,2026-07-12T08:08:13+00:00,weekend-videos.csv,Playlist,1,No
VcNFJE6k2_Q,,,,,,,,,,,,2026-07-12T08:08:13+00:00,weekend-videos.csv,Playlist,1,No
a4x7p76ix8M,,,,,,,,,,,,2026-07-12T08:08:13+00:00,weekend-videos.csv,Playlist,1,No
gpRxyIPqVDw,,,,,,,,,,,,2026-07-12T08:08:13+00:00,weekend-videos.csv,Playlist,1,No
CtyytBCHA9U,,,,,,,,,,,,2026-07-12T08:08:13+00:00,weekend-videos.csv,Playlist,1,No
VYsr8v1jMHI,,,,,,,,,,,,2026-07-12T08:08:13+00:00,weekend-videos.csv,Playlist,1,No
r1LIFKNFt3Q,,,,,,,,,,,,2026-07-12T08:08:13+00:00,weekend-videos.csv,Playlist,1,No
UrgsKgMfRRM,,,,,,,,,,,,2026-07-12T08:08:13+00:00,weekend-videos.csv,Playlist,1,No
rVqcPUQ2YXI,"Aasa Kooda (From ""Think Indie"")","Aasa Kooda (From ""Think Indie"")",Sai Abhyankkar,Sai Smriti,,,,,,,,,music library songs.csv,Music library,1,No
wvnBHdl5MJo,"Adiye (From ""Bachelor"")","Adiye (From ""Bachelor"")",Dhibu Ninan Thomas,Kapil Kapilan,,,,,,,,,music library songs.csv,Music library,2,Yes
WxYgXmZ9xh8,After Hours,After Hours,The Weeknd,,,,,,,,,,music library songs.csv,Music library,2,Yes
9jdLnFYQh4s,"All The Stars (From ""Black Panther: The Album"")",All the Stars,Kendrick Lamar,SZA,,,,,,,,,music library songs.csv,Music library,2,Yes
Ogyd6E9rs1U,Angels For Each Other,Angels For Each Other,Martin Garrix,Arijit Singh,,,,,,,,,music library songs.csv,Music library,2,Yes
eLBnWNLOAZA,Apetitan,"TV Anime ""Attack on Titan Season 2"" (Original Soundtrack)",Hiroyuki SAWANO,,,,,,,,,,music library songs.csv,Music library,2,Yes
xI2DJQpTGRE,Ava Enna,Vaaranam Aayiram (Original Motion Picture Soundtrack),Harris Jayaraj,Suriya,Simran,Divya Spandana,Sameera Reddy,,,,,,music library songs.csv,Music library,2,Yes
rOOqO3Nj1TY,Baba Yaga,Baba Yaga,Marcin Patrzałek,,,,,,,,,,music library songs.csv,Music library,1,No
rcdncqJLbm4,Battlefield 6 Main Theme,Battlefield 6 Main Theme,Boris Harizanov,,,,,,,,,,music library songs.csv,Music library,2,Yes
Pv6wC1yzipY,Beanie,Beanie,Peter Bordes,,,,,,,,,,music library songs.csv,Music library,2,Yes
Kr4EQDVETuA,Billie Jean,Thriller,Michael Jackson,,,,,,,,,,music library songs.csv,Music library,1,No
J7p4bzqLvCw,Blinding Lights,Blinding Lights,The Weeknd,,,,,,,,,,music library songs.csv,Music library,3,Yes
TSLfG53JUpc,Bolo Bolo,Bolo Bolo,W.i.S.H.,Panther,,,,,,,,,music library songs.csv,Music library,2,Yes
ZtEtKXhhtS4,Call Out My Name,"My Dear Melancholy,",The Weeknd,,,,,,,,,,music library songs.csv,Music library,2,Yes
DKrelwjugQA,Calm Down,Rave & Roses Ultra,Rema,Selena Gomez,,,,,,,,,music library songs.csv,Music library,2,Yes
cds3Vdlgdzs,Chasing Cars,Eyes Open,Snow Patrol,,,,,,,,,,music library songs.csv,Music library,2,Yes
4EQkYVtE-28,Circles,Hollywood's Bleeding,Post Malone,,,,,,,,,,music library songs.csv,Music library,2,Yes
9kT0oLBPiOw,Claude's Plan,Claude's Plan,Jeff Guo,,,,,,,,,,music library songs.csv,Music library,2,Yes
tgyJNXv8dGQ,Closer,1749,Lemaitre,Jennie A.,,,,,,,,,music library songs.csv,Music library,2,Yes
t4DyuBtNFrc,Confident,Journals,Justin Bieber,Chance The Rapper,,,,,,,,,music library songs.csv,Music library,2,Yes
wnTz65qqxI0,Cry For Me,Hurry Up Tomorrow,The Weeknd,,,,,,,,,,music library songs.csv,Music library,2,Yes
jcKVfhr6O24,DARKSIDE,DARKSIDE,Neoni,,,,,,,,,,music library songs.csv,Music library,2,Yes
NjQWctpXU-g,"Darshana (From ""Hridayam"")","Darshana (From ""Hridayam"")",Hesham Abdul Wahab,Darshana Rajendran,Arun Alat,,,,,,,,music library songs.csv,Music library,1,No
mTLQhPFx2nM,Die For You,Starboy,The Weeknd,,,,,,,,,,music library songs.csv,Music library,2,Yes
pqrUQrAcfo4,Do I Wanna Know?,AM,Arctic Monkeys,,,,,,,,,,music library songs.csv,Music library,2,Yes
TolSJT-tRoU,Don't Go Breaking My Heart,To Be Continued...,Elton John,Kiki Dee,,,,,,,,,music library songs.csv,Music library,2,Yes
cuMuMnCRfqk,Dracula,Deadbeat,Tame Impala,,,,,,,,,,music library songs.csv,Music library,2,Yes
h3EuilWNquo,"Duniyaa (From ""Luka Chuppi"")","Duniyaa (From ""Luka Chuppi"")",Akhil,Dhvani Bhanushali,Kriti Sanon,Aparshakti Khurrana,Kartik Aaryan,Pankaj Tripathi,Vishwanath Chatterjee,Abhijit Vaghani,Bob,,music library songs.csv,Music library,2,Yes
2MHsDNV9lgY,Einaudi: Experience,In A Time Lapse (Deluxe Edition),Ludovico Einaudi,Daniel Hope,I Virtuosi Italiani,,,,,,,,music library songs.csv,Music library,2,Yes
EvLrAJNxqns,En Kadhal Solla,Paiya (Original Motion Picture Soundtrack),Yuvan Shankar Raja,Tanvi Shah,Na. Muthukumar,Karthi,Tamannaah Bhatia,,,,,,music library songs.csv,Music library,2,Yes
8dlTXzaP_8Q,"Enna Sona (From ""OK Jaanu"")","Enna Sona (From ""OK Jaanu"")",A.R. Rahman,Arijit Singh,Shraddha Kapoor,Aditya Roy Kapoor,,,,,,,music library songs.csv,Music library,1,No
kIft-LUHHVA,Espresso,Short n' Sweet,Sabrina Carpenter,,,,,,,,,,music library songs.csv,Music library,1,No
YhX_Woa3kVA,F1,F1 The Album (Cinematic Edition),Hans Zimmer,,,,,,,,,,music library songs.csv,Music library,2,Yes
jBhbgZYz7pI,False Alarm,Starboy,The Weeknd,,,,,,,,,,music library songs.csv,Music library,2,Yes
STsjU8qow-M,Favorite,Raven,Isabel LaRosa,,,,,,,,,,music library songs.csv,Music library,2,Yes
PZtSnQBsBW0,Finding Her,Finding Her,Kushagra,Bharath,Saaheal,,,,,,,,music library songs.csv,Music library,2,Yes
T54xmIaBZEo,Good For You,Revival (Deluxe),Selena Gomez,A$AP Rocky,,,,,,,,,music library songs.csv,Music library,1,No
_QtN6qocpKU,greedy,THINK LATER,Tate McRae,,,,,,,,,,music library songs.csv,Music library,2,Yes
lN4w71AiO_o,Guns and Roses,"Guns and Roses (From ""They Call Him OG"")",Thaman S,Harsha Darivemula,Pawan Kalyan,Emraan Hashmi,Prakash Raj,Priyanka Arul Mohan,,,,,music library songs.csv,Music library,2,Yes
snx5qGUtVi8,Hall of Fame,Hall of Fame,The Script,will.i.am,,,,,,,,,music library songs.csv,Music library,2,Yes
EO4_qL7GCHQ,Harleys In Hawaii,Smile,Katy Perry,,,,,,,,,,music library songs.csv,Music library,1,No
rbb-_YU2S4c,Heartless,After Hours,The Weeknd,,,,,,,,,,music library songs.csv,Music library,2,Yes
cyvRa9F5fIM,"Hey, Soul Sister (Country Mix)","Save Me, San Francisco (Golden Gate Edition)",Train,,,,,,,,,,music library songs.csv,Music library,2,Yes
cCfPDrRQp9k,Houdini,Radical Optimism,Dua Lipa,,,,,,,,,,music library songs.csv,Music library,2,Yes
1OZnXQQPBU0,House Of Balloons / Glass Table Girls,House Of Balloons,The Weeknd,,,,,,,,,,music library songs.csv,Music library,2,Yes
H3Kzh6RrnMc,Hymn for the Weekend,A Head Full of Dreams,Coldplay,,,,,,,,,,music library songs.csv,Music library,2,Yes
qPRNIHxLhmc,I Feel It Coming,Starboy,The Weeknd,Daft Punk,,,,,,,,,music library songs.csv,Music library,3,Yes
GKFL_aKb6Z8,I Follow You,I Follow You,Iggi Kelly,,,,,,,,,,music library songs.csv,Music library,2,Yes
EAnLyHsc3-Y,I Think They Call This Love,I Think They Call This Love,Elliot James Reay,,,,,,,,,,music library songs.csv,Music library,2,Yes
HJstyRBLqBQ,I Thought I Saw Your Face Today,Volume One,She & Him,,,,,,,,,,music library songs.csv,Music library,2,Yes
nyuo9-OjNNg,I Wanna Be Yours,AM,Arctic Monkeys,,,,,,,,,,music library songs.csv,Music library,2,Yes
5Kxcm3249HM,I'm an Albatraoz,I'm an Albatraoz,AronChupa & Little Sis Nora,,,,,,,,,,music library songs.csv,Music library,2,Yes
y_NnTs4_W5s,I'm Yours,We Sing. We Dance. We Steal Things.,Jason Mraz,,,,,,,,,,music library songs.csv,Music library,1,No
jPe0bX_GtBo,INDUSTRY BABY,INDUSTRY BABY,Lil Nas X,Jack Harlow,,,,,,,,,music library songs.csv,Music library,2,Yes
QgMYdDKVkrw,Is There Someone Else?,Dawn FM,The Weeknd,,,,,,,,,,music library songs.csv,Music library,2,Yes
FRtXs73iICo,It Will Rain,It Will Rain,Bruno Mars,,,,,,,,,,music library songs.csv,Music library,1,No
BJM-Gs0taqA,"Janiye (from the Netflix Film ""Chor Nikal Ke Bhaga"")","Janiye (from the Netflix Film ""Chor Nikal Ke Bhaga"")",Vishal Mishra,Rashmeet Kaur,,,,,,,,,music library songs.csv,Music library,2,Yes
KYwA5k00p2I,Just the Two of Us (Edit),Lean on Me: The Best of Bill Withers,"Grover Washington, Jr.",Bill Withers,,,,,,,,,music library songs.csv,Music library,1,No
-60Bl9h7u5g,"Kamariya (From ""Stree"")","Kamariya (From ""Stree"")",Aastha Gill,Sachin Sanghvi,Jigar Saraiya,Divya Kumar,Rajkummar Rao,Shraddha Kapoor,Pankaj Tripathi,Aparshakti Khurana,Abhishek Banerjee,,music library songs.csv,Music library,2,Yes
Z0S8OOhuhIE,"Katchi Sera (From ""Think Indie"")","Katchi Sera (From ""Think Indie"")",Sai Abhyankkar,,,,,,,,,,music library songs.csv,Music library,2,Yes
ui7M7j7caHA,Kiss Me More,Planet Her,Doja Cat,SZA,,,,,,,,,music library songs.csv,Music library,2,Yes
WTD_HyXewdU,Lavanena Bhojyam 2,Lawden Bhojyam 2,Mr. Hapee,,,,,,,,,,music library songs.csv,Music library,2,Yes
OsfAnsMY21M,Levitating,Future Nostalgia,Dua Lipa,,,,,,,,,,music library songs.csv,Music library,2,Yes
z11jxaOu_Cw,Like a Prayer (Choir Version From “Deadpool & Wolverine”),"Deadpool & Wolverine: Madonna's ""Like a Prayer"" EP",I'll Take You There Choir,,,,,,,,,,music library songs.csv,Music library,2,Yes
AVN7SJkNOR0,Lose My Mind [From F1® The Movie],Lose My Mind [From F1® The Movie],Don Toliver,Doja Cat,,,,,,,,,music library songs.csv,Music library,1,No
GQgL-Dk9sq0,Loser,Loser,Tame Impala,,,,,,,,,,music library songs.csv,Music library,1,No
MX7FSAnRPug,Loser,Deadbeat,Tame Impala,,,,,,,,,,music library songs.csv,Music library,1,No
uvXtC13GlxQ,Love Me Harder,My Everything (Deluxe),Ariana Grande,The Weeknd,,,,,,,,,music library songs.csv,Music library,1,No
uLnMg0GNzNQ,Love Never Felt So Good,XSCAPE,Michael Jackson,,,,,,,,,,music library songs.csv,Music library,2,Yes
8W-pRnIe7UM,MAIN RAHOON YA NA RAHOON,MAIN RAHOON YA NA RAHOON,ARMAAN MALIK,AMAAL MALLIK,RASHMI VIRAG,,,,,,,,music library songs.csv,Music library,1,No
9cbPM9MYJgI,Maname,Maname,Sarah Black,,,,,,,,,,music library songs.csv,Music library,2,Yes
ZfWSOs5YbQ8,Me and the Devil,Sugarbread,Soap&Skin,,,,,,,,,,music library songs.csv,Music library,2,Yes
6RchbVJpJRI,Mere Samnewali Khidki Mein,Kishore Sings For Kishore,Kishore Kumar,,,,,,,,,,music library songs.csv,Music library,2,Yes
qa-ZYDyURZw,Midden,Batman: Arkham Shadow (Original Video Game Soundtrack),Chris Burgess,Kazuma Jinnouchi,,,,,,,,,music library songs.csv,Music library,2,Yes
HndZrAOzd9E,"Mudhal Nee Mudivum Nee Title Track (From ""Mudhal Nee Mudivum Nee"")","Mudhal Nee Mudivum Nee Title Track (From ""Mudhal Nee Mudivum Nee"")",Darbuka Siva,Sid Sriram,Thamarai,Harish Kumar,Meetha Raghunath,,,,,,music library songs.csv,Music library,2,Yes
EFAJcxnFLgs,nadaaniyan,nadaaniyan,Akshath,,,,,,,,,,music library songs.csv,Music library,2,Yes
ZqBmRegGM9Y,Nagumo,Hridayam,Hesham Abdul Wahab,Arvind Venugopal,,,,,,,,,music library songs.csv,Music library,1,No
4SrwoVxrI0o,"Nazar Na Lag Jaaye (From ""Stree"")","Nazar Na Lag Jaaye (From ""Stree"")",Ash King,,,,,,,,,,music library songs.csv,Music library,2,Yes
wxmOt7Xhb6I,"Neelothi (From ""Sirai"")","Neelothi (From ""Sirai"")",Sooraj Santhosh,Chinmayi Sripada,Justin Prabhakaran,Sarathi,,,,,,,music library songs.csv,Music library,2,Yes
2o9KfyPqQzY,No Time for Caution,Interstellar (Original Motion Picture Soundtrack) [Expanded Edition],Hans Zimmer,,,,,,,,,,music library songs.csv,Music library,2,Yes
YY2ng9SjCTo,Often,Beauty Behind The Madness,The Weeknd,,,,,,,,,,music library songs.csv,Music library,2,Yes
HgLfYfJtc8M,One Of The Girls,The Idol Episode 4 (Music from the HBO Original Series),The Weeknd,JENNIE,Lily Rose Depp,,,,,,,,music library songs.csv,Music library,2,Yes
tJttoZEbvYg,One Right Now,Twelve Carat Toothache,Post Malone,The Weeknd,,,,,,,,,music library songs.csv,Music library,2,Yes
KmQiD0g6lZE,"Oorum Blood (From ""Dude"")","Oorum Blood (From ""Dude"")",Sai Abhyankkar,Paal Dabba,bebhumika,Deepthi Suresh,,,,,,,music library songs.csv,Music library,2,Yes
2yqYAsUpdSc,Out of Time,Dawn FM,The Weeknd,,,,,,,,,,music library songs.csv,Music library,2,Yes
y32ejtuxSjM,P.Y.T. (Pretty Young Thing),Thriller,Michael Jackson,,,,,,,,,,music library songs.csv,Music library,1,No
Q0TEUMPIhk8,Paradise,Mylo Xyloto,Coldplay,,,,,,,,,,music library songs.csv,Music library,2,Yes
s_k_R4Ofnts,Paradise,Paradise,AcousticTrench,,,,,,,,,,music library songs.csv,Music library,2,Yes
Nujjj_atzJA,Past Life,Past Life,Trevor Daniel,Selena Gomez,,,,,,,,,music library songs.csv,Music library,2,Yes
4AK30HvoIRk,People,People,Libianca,,,,,,,,,,music library songs.csv,Music library,2,Yes
KMZYqDKsKIc,Popular (From The Idol Vol. 1 (Music from the HBO Original Series)),Popular (From The Idol Vol. 1 (Music from the HBO Original Series)),The Weeknd,Playboi Carti,Madonna,,,,,,,,music library songs.csv,Music library,3,Yes
lzlg0e7MvYI,positions,Positions,Ariana Grande,,,,,,,,,,music library songs.csv,Music library,2,Yes
H89qGpQo7NA,"Powerhouse (From ""Coolie"") (Tamil)","Powerhouse (From ""Coolie"") (Tamil)",Anirudh Ravichander,Arivu,,,,,,,,,music library songs.csv,Music library,2,Yes
WmqFvL93ofY,Pretty Please,Future Nostalgia,Dua Lipa,,,,,,,,,,music library songs.csv,Music library,2,Yes
qBqpA-793SE,Rana Kumbha,Varanasi,M.M. Keeravaani,Aditya Iyengar,Chaitanya Prasad,,,,,,,,music library songs.csv,Music library,2,Yes
5Z0dxsFmX7c,Rasputin,Nightflight to Venus,Boney M.,,,,,,,,,,music library songs.csv,Music library,2,Yes
a40tAP5MC6M,Reminder,Starboy,The Weeknd,,,,,,,,,,music library songs.csv,Music library,3,Yes
RmYCOm4ehKs,Save Your Tears,After Hours,The Weeknd,,,,,,,,,,music library songs.csv,Music library,2,Yes
xTvyyoF_LZY,Shape of You,Shape of You,Ed Sheeran,,,,,,,,,,music library songs.csv,Music library,2,Yes
HWCTnF7K3L4,She,Rare (Deluxe),Selena Gomez,,,,,,,,,,music library songs.csv,Music library,2,Yes
psuGCpXaDMU,Side To Side,Dangerous Woman,Ariana Grande,Nicki Minaj,,,,,,,,,music library songs.csv,Music library,2,Yes
agQP0V9sTx0,Slow Down,Stars Dance (Bonus Track Version),Selena Gomez,,,,,,,,,,music library songs.csv,Music library,2,Yes
4_F5KQqGOic,Souvenir,Rare (Deluxe),Selena Gomez,,,,,,,,,,music library songs.csv,Music library,2,Yes
3_g2un5M350,Starboy,Starboy,The Weeknd,Daft Punk,,,,,,,,,music library songs.csv,Music library,1,No
U2TPS-9oMtc,Stargirl Interlude,Starboy,The Weeknd,Lana Del Rey,,,,,,,,,music library songs.csv,Music library,1,No
z2qoihbzc3E,Stayin Alive,The Ultimate Bee Gees,Bee Gees,,,,,,,,,,music library songs.csv,Music library,2,Yes
mCkvMxexUf4,Streets (Silhouette Remix),Streets (Silhouette Remix),Doja Cat,,,,,,,,,,music library songs.csv,Music library,2,Yes
r7Rn4ryE_w8,Sunflower (Spider-Man: Into the Spider-Verse),Spider-Man: Into the Spider-Verse (Soundtrack From & Inspired by the Motion Picture),Post Malone,Swae Lee,,,,,,,,,music library songs.csv,Music library,2,Yes
JucvYrdSIcM,That's What I Like,24K Magic,Bruno Mars,,,,,,,,,,music library songs.csv,Music library,2,Yes
HOMyx_730qg,The Heart Wants What It Wants,The Heart Wants What It Wants,Selena Gomez,,,,,,,,,,music library songs.csv,Music library,1,No
GfiJowcJiVw,The Hills,Beauty Behind The Madness,The Weeknd,,,,,,,,,,music library songs.csv,Music library,3,Yes
Y2UOwvUQ8L0,The Last of Us,The Last of Us,Gustavo Santaolalla,,,,,,,,,,music library songs.csv,Music library,2,Yes
_s6RjtOBlh0,The Last Of US- Main Theme,The Last Of Us - Main Theme,Geek Music,,,,,,,,,,music library songs.csv,Music library,2,Yes
Pi8Oh3jq3u0,"Thenkizhakku (From ""Vaazhai"")","Thenkizhakku (From ""Vaazhai"")",Santhosh Narayanan,Dhee,Yugabharathi,,,,,,,,music library songs.csv,Music library,2,Yes
a4O-abCXsfA,Timeless,Hurry Up Tomorrow,The Weeknd,Playboi Carti,,,,,,,,,music library songs.csv,Music library,1,No
IN-PeAZDi7g,Too Sweet,Unreal Unearth: Unheard,Hozier,,,,,,,,,,music library songs.csv,Music library,2,Yes
-XI2_610F0s,Unakkul Naane,Unakkul Naane,Pritt,Dilushselva,,,,,,,,,music library songs.csv,Music library,1,No
BLFGsxijRHg,Under The Influence,Indigo (Extended),Chris Brown,,,,,,,,,,music library songs.csv,Music library,1,No
8VKD-IlvibI,Unholy,Unholy,Sam Smith,Kim Petras,,,,,,,,,music library songs.csv,Music library,2,Yes
Iyw2jn2lPUE,Where Is My Mind,Novö Piano,Maxence Cyrin,,,,,,,,,,music library songs.csv,Music library,1,No
tqxRidAWER8,Without Me,The Eminem Show,Eminem,,,,,,,,,,music library songs.csv,Music library,2,Yes
IvaEGASmO-U,Yaar Manidhan,Vaa Vaathiyaar (Original Motion Picture Soundtrack),Santhosh Narayanan,,,,,,,,,,music library songs.csv,Music library,2,Yes
9qnqYL0eNNI,Yellow,Parachutes,Coldplay,,,,,,,,,,music library songs.csv,Music library,2,Yes
vy63u2hKoPE,YouSeeBIGGIRL/T:T - You See Big Girl / T:T,"TV Anime ""Attack on Titan Season 2"" (Original Soundtrack)",Hiroyuki SAWANO,,,,,,,,,,music library songs.csv,Music library,2,Yes
